Date,pos,neg,neutral,compound
2008-08-08,0.03636,0.21636,0.74724,-0.365216
2008-08-11,0.0754,0.1898,0.73488,-0.161536
2008-08-12,0.05908,0.17504,0.76584,-0.241532
2008-08-13,0.058,0.15856,0.78348,-0.155804
2008-08-14,0.09232,0.19188,0.71576,-0.176548
2008-08-15,0.09008,0.17156,0.73848,-0.137756
2008-08-18,0.042,0.16352,0.79444,-0.2142
2008-08-19,0.04684,0.18964,0.76348,-0.280764
2008-08-20,0.03384,0.17536,0.7908,-0.248228
2008-08-21,0.04676,0.24132,0.71196,-0.309208
2008-08-22,0.0942,0.13768,0.76808,-0.082176
2008-08-25,0.01292,0.2732,0.7138,-0.424844
2008-08-26,0.07536,0.2996,0.62504,-0.31194
2008-08-27,0.05704,0.16816,0.7748,-0.214812
2008-08-28,0.121,0.16172,0.71732,-0.092788
2008-08-29,0.07644,0.12712,0.79644,-0.10684
2008-09-02,0.05092,0.25508,0.69404,-0.310864
2008-09-03,0.05556,0.15836,0.78608,-0.154856
2008-09-04,0.09036,0.21512,0.69448,-0.185832
2008-09-05,0.07336,0.18676,0.73996,-0.255892
2008-09-08,0.03844,0.23064,0.73088,-0.339516
2008-09-09,0.05264,0.19412,0.75328,-0.281364
2008-09-10,0.04456,0.21476,0.74068,-0.304908
2008-09-11,0.04216,0.17324,0.78456,-0.166008
2008-09-12,0.04672,0.1702,0.78308,-0.18552
2008-09-15,0.08188,0.19844,0.71964,-0.218304
2008-09-16,0.0524,0.2306,0.71696,-0.356356
2008-09-17,0.036,0.19036,0.77364,-0.23088
2008-09-18,0.01916,0.2384,0.74244,-0.335052
2008-09-19,0.03312,0.2208,0.746,-0.293256
2008-09-22,0.05756,0.18476,0.75764,-0.257444
2008-09-23,0.07708,0.17292,0.75,-0.183952
2008-09-24,0.02528,0.22176,0.75296,-0.29406
2008-09-25,0.00344,0.16256,0.834,-0.239816
2008-09-26,0.01744,0.20752,0.77504,-0.250364
2008-09-29,0.0844,0.12316,0.7924,-0.117364
2008-09-30,0.10204,0.2064,0.69156,-0.143556
2008-10-01,0.10068,0.21916,0.68008,-0.231704
2008-10-02,0.07948,0.1722,0.74828,-0.194548
2008-10-03,0.04396,0.15612,0.79992,-0.190156
2008-10-06,0.09196,0.13512,0.77296,-0.069476
2008-10-07,0.07324,0.19108,0.7356,-0.20324
2008-10-08,0.06952,0.20504,0.72544,-0.268408
2008-10-09,0.03336,0.22052,0.74612,-0.329772
2008-10-10,0.05988,0.16224,0.77788,-0.206464
2008-10-13,0.10832,0.1496,0.74208,-0.079224
2008-10-14,0.05516,0.16712,0.77764,-0.235964
2008-10-15,0.06404,0.1534,0.78264,-0.201476
2008-10-16,0.10944,0.15756,0.73296,-0.079928
2008-10-17,0.05616,0.19704,0.7468,-0.25268
2008-10-20,0.11756,0.17268,0.70976,-0.107752
2008-10-21,0.10092,0.18584,0.7132,-0.168284
2008-10-22,0.06728,0.138,0.79476,-0.172792
2008-10-23,0.05592,0.2104,0.73368,-0.194568
2008-10-24,0.05428,0.2496,0.69612,-0.343648
2008-10-27,0.07916,0.19684,0.72396,-0.216904
2008-10-28,0.06828,0.1918,0.73996,-0.238556
2008-10-29,0.08076,0.23232,0.68688,-0.259468
2008-10-30,0.05384,0.23636,0.70976,-0.339012
2008-10-31,0.11336,0.25996,0.6268,-0.195104
2008-11-03,0.05344,0.1972,0.7494,-0.296792
2008-11-04,0.09164,0.16392,0.74444,-0.17214
2008-11-05,0.09348,0.17872,0.72776,-0.145892
2008-11-06,0.05792,0.18632,0.75576,-0.23382
2008-11-07,0.04048,0.18036,0.7792,-0.228072
2008-11-10,0.0688,0.2274,0.70388,-0.276848
2008-11-11,0.0686,0.23464,0.69684,-0.342008
2008-11-12,0.0172,0.23652,0.74628,-0.371368
2008-11-13,0.072,0.1686,0.7594,-0.145144
2008-11-14,0.07264,0.11912,0.80828,-0.121856
2008-11-17,0.02964,0.11572,0.8546,-0.129672
2008-11-18,0.05388,0.21056,0.73552,-0.279248
2008-11-19,0.12504,0.11108,0.76388,0.009356
2008-11-20,0.07344,0.1316,0.79496,-0.074028
2008-11-21,0.0562,0.15212,0.79168,-0.234296
2008-11-24,0.05528,0.18448,0.7602,-0.202808
2008-11-25,0.04996,0.1966,0.75348,-0.243892
2008-11-26,0.07068,0.1838,0.74552,-0.206868
2008-11-28,0.07128,0.16396,0.7648,-0.186792
2008-12-01,0.09164,0.17348,0.73492,-0.12888
2008-12-02,0.08164,0.21032,0.70812,-0.257292
2008-12-03,0.09052,0.16444,0.74504,-0.224044
2008-12-04,0.12676,0.20556,0.66772,-0.13886
2008-12-05,0.06168,0.239,0.6994,-0.343252
2008-12-08,0.07868,0.1726,0.74876,-0.144744
2008-12-09,0.08896,0.23884,0.67224,-0.249804
2008-12-10,0.09536,0.22676,0.67788,-0.267072
2008-12-11,0.05396,0.16464,0.7814,-0.197744
2008-12-12,0.02496,0.29696,0.67812,-0.440624
2008-12-15,0.06912,0.10644,0.82448,-0.094584
2008-12-16,0.05572,0.147,0.79732,-0.214028
2008-12-17,0.09628,0.1712,0.73256,-0.123736
2008-12-18,0.04684,0.17908,0.77416,-0.23638
2008-12-19,0.03244,0.18468,0.78288,-0.271144
2008-12-22,0.0582,0.24096,0.70088,-0.342864
2008-12-23,0.08212,0.15044,0.7674,-0.122276
2008-12-24,0.11168,0.17304,0.71524,-0.106632
2008-12-26,0.06148,0.17212,0.76648,-0.207448
2008-12-29,0.0806,0.22368,0.69572,-0.201116
2008-12-30,0.08828,0.20356,0.70824,-0.257392
2008-12-31,0.05828,0.18776,0.754,-0.229708
2009-01-02,0.05124,0.19952,0.74928,-0.206272
2009-01-05,0.0484,0.20864,0.74296,-0.308148
2009-01-06,0.07588,0.1568,0.76728,-0.132604
2009-01-07,0.04668,0.18928,0.764,-0.3368
2009-01-08,0.03672,0.20616,0.75712,-0.339096
2009-01-09,0.03356,0.17668,0.78988,-0.27966
2009-01-12,0.06944,0.1562,0.77436,-0.216992
2009-01-13,0.05,0.18604,0.764,-0.266792
2009-01-14,0.057,0.18504,0.758,-0.273112
2009-01-15,0.05656,0.14512,0.79828,-0.163512
2009-01-16,0.03876,0.25156,0.70964,-0.433824
2009-01-20,0.048,0.28096,0.67112,-0.422932
2009-01-21,0.06924,0.19132,0.7394,-0.280396
2009-01-22,0.03772,0.19308,0.76912,-0.239216
2009-01-23,0.07972,0.20728,0.713,-0.220736
2009-01-26,0.06492,0.21924,0.7158,-0.29638
2009-01-27,0.06988,0.18968,0.7404,-0.268368
2009-01-28,0.06288,0.19376,0.74336,-0.222288
2009-01-29,0.04852,0.1362,0.81528,-0.148988
2009-01-30,0.0546,0.16548,0.77992,-0.235576
2009-02-02,0.07964,0.1532,0.7672,-0.118992
2009-02-03,0.04268,0.18712,0.77016,-0.29778
2009-02-04,0.06812,0.19516,0.73672,-0.235616
2009-02-05,0.09584,0.17044,0.73376,-0.09934
2009-02-06,0.05896,0.15468,0.78632,-0.196356
2009-02-09,0.02672,0.20992,0.76328,-0.345492
2009-02-10,0.06904,0.22672,0.70436,-0.284832
2009-02-11,0.074,0.17824,0.74768,-0.244792
2009-02-12,0.05356,0.17008,0.77644,-0.240084
2009-02-13,0.05404,0.17056,0.7754,-0.222336
2009-02-17,0.02744,0.19392,0.77856,-0.290588
2009-02-18,0.09764,0.15252,0.74988,-0.139664
2009-02-19,0.07392,0.19408,0.732,-0.190804
2009-02-20,0.05276,0.24748,0.69972,-0.284288
2009-02-23,0.0522,0.18764,0.7602,-0.259276
2009-02-24,0.09276,0.17964,0.7276,-0.158032
2009-02-25,0.06136,0.17716,0.76156,-0.287948
2009-02-26,0.07468,0.15104,0.77424,-0.162836
2009-02-27,0.05452,0.16544,0.78004,-0.223044
2009-03-02,0.0546,0.17448,0.77096,-0.184456
2009-03-03,0.0666,0.17248,0.76092,-0.243072
2009-03-04,0.08084,0.2476,0.67156,-0.345128
2009-03-05,0.06744,0.16144,0.77112,-0.244876
2009-03-06,0.05932,0.20712,0.7336,-0.303992
2009-03-09,0.09084,0.16928,0.73992,-0.102452
2009-03-10,0.06836,0.15044,0.78116,-0.173352
2009-03-11,0.03792,0.30884,0.65316,-0.438168
2009-03-12,0.06372,0.1934,0.74284,-0.280244
2009-03-13,0.053,0.15736,0.7896,-0.220628
2009-03-16,0.07784,0.14476,0.77744,-0.191472
2009-03-17,0.04212,0.2548,0.70308,-0.381584
2009-03-18,0.04748,0.22336,0.72908,-0.3317
2009-03-19,0.0756,0.22908,0.69536,-0.330976
2009-03-20,0.0352,0.21076,0.754,-0.3837
2009-03-23,0.06132,0.20892,0.72976,-0.234924
2009-03-24,0.04472,0.2064,0.74888,-0.397352
2009-03-25,0.05616,0.23212,0.71172,-0.296756
2009-03-26,0.05604,0.24604,0.6978,-0.352116
2009-03-27,0.08664,0.19084,0.72252,-0.231392
2009-03-30,0.01952,0.14884,0.83164,-0.239784
2009-03-31,0.061,0.17656,0.76244,-0.235604
2009-04-01,0.05856,0.12888,0.81252,-0.126388
2009-04-02,0.05972,0.23064,0.70964,-0.287216
2009-04-03,0.04408,0.15236,0.8036,-0.223556
2009-04-06,0.10372,0.17856,0.7178,-0.200332
2009-04-07,0.03496,0.17224,0.79276,-0.307172
2009-04-08,0.06128,0.1458,0.79296,-0.159068
2009-04-09,0.03592,0.19292,0.77116,-0.329988
2009-04-13,0.03952,0.17812,0.7824,-0.257236
2009-04-14,0.03808,0.13724,0.82468,-0.232932
2009-04-15,0.07624,0.16652,0.75716,-0.238848
2009-04-16,0.04972,0.2368,0.71352,-0.348668
2009-04-17,0.10072,0.24256,0.65672,-0.275972
2009-04-20,0.06372,0.1898,0.74652,-0.285584
2009-04-21,0.10084,0.15356,0.74556,-0.154384
2009-04-22,0.04888,0.15736,0.79376,-0.189872
2009-04-23,0.07532,0.16244,0.76232,-0.1459
2009-04-24,0.0724,0.18012,0.74748,-0.179864
2009-04-27,0.06184,0.141,0.79716,-0.14538
2009-04-28,0.05292,0.2134,0.73372,-0.25378
2009-04-29,0.04852,0.1226,0.82888,-0.155056
2009-04-30,0.04184,0.2194,0.73872,-0.349876
2009-05-01,0.05848,0.16952,0.772,-0.272452
2009-05-04,0.06432,0.1586,0.77712,-0.196668
2009-05-05,0.06116,0.23392,0.70492,-0.328756
2009-05-06,0.08164,0.20776,0.71056,-0.254228
2009-05-07,0.04508,0.14504,0.80988,-0.15404
2009-05-08,0.06612,0.17852,0.75548,-0.253424
2009-05-11,0.0662,0.1762,0.75764,-0.229136
2009-05-12,0.0614,0.18024,0.7584,-0.223408
2009-05-13,0.09452,0.16536,0.74016,-0.1507
2009-05-14,0.05692,0.2376,0.70552,-0.359872
2009-05-15,0.09568,0.12052,0.7838,-0.035564
2009-05-18,0.05172,0.18004,0.76828,-0.21758
2009-05-19,0.08764,0.1396,0.77288,-0.129796
2009-05-20,0.02572,0.22596,0.74836,-0.46712
2009-05-21,0.0364,0.20328,0.76024,-0.2905
2009-05-22,0.08096,0.24024,0.6788,-0.30232
2009-05-26,0.05812,0.13188,0.81,-0.146684
2009-05-27,0.05952,0.17704,0.7634,-0.202444
2009-05-28,0.08792,0.17192,0.7402,-0.150204
2009-05-29,0.05732,0.14336,0.79936,-0.190752
2009-06-01,0.06652,0.1494,0.78404,-0.16226
2009-06-02,0.06112,0.09928,0.83956,-0.119944
2009-06-03,0.0494,0.15296,0.79764,-0.208352
2009-06-04,0.07432,0.11812,0.8076,-0.07548
2009-06-05,0.08756,0.0764,0.83608,0.017396
2009-06-08,0.08556,0.16912,0.74536,-0.166384
2009-06-09,0.04964,0.25512,0.69516,-0.384188
2009-06-10,0.05244,0.15664,0.79092,-0.21722
2009-06-11,0.10256,0.15364,0.74372,-0.150164
2009-06-12,0.08584,0.15608,0.75808,-0.116552
2009-06-15,0.02756,0.18508,0.78736,-0.288328
2009-06-16,0.10072,0.1888,0.71048,-0.149436
2009-06-17,0.0502,0.12144,0.82836,-0.170612
2009-06-18,0.0786,0.14788,0.77356,-0.172852
2009-06-19,0.07596,0.20828,0.7158,-0.273456
2009-06-22,0.1186,0.09636,0.785,0.010164
2009-06-23,0.073,0.22208,0.70488,-0.327328
2009-06-24,0.06188,0.19744,0.7406,-0.31966
2009-06-25,0.13056,0.14592,0.72352,-0.035596
2009-06-26,0.05192,0.17428,0.77384,-0.274568
2009-06-29,0.02752,0.17252,0.79996,-0.263344
2009-06-30,0.13152,0.1878,0.68072,-0.069788
2009-07-01,0.0978,0.0998,0.80236,-0.099804
2009-07-02,0.07676,0.20532,0.718,-0.173808
2009-07-06,0.04156,0.28376,0.67468,-0.413192
2009-07-07,0.04868,0.2246,0.72676,-0.334236
2009-07-08,0.06776,0.18648,0.74568,-0.280852
2009-07-09,0.03704,0.19152,0.77144,-0.362276
2009-07-10,0.032,0.256,0.71208,-0.397
2009-07-13,0.07072,0.16648,0.76268,-0.254664
2009-07-14,0.06076,0.25652,0.68272,-0.32556
2009-07-15,0.07096,0.27684,0.65212,-0.43244
2009-07-16,0.07764,0.156,0.7664,-0.231248
2009-07-17,0.078,0.1988,0.72324,-0.288964
2009-07-20,0.09584,0.20432,0.6998,-0.23468
2009-07-21,0.03604,0.12728,0.83668,-0.211176
2009-07-22,0.06216,0.13884,0.799,-0.12522
2009-07-23,0.04836,0.18004,0.7716,-0.289028
2009-07-24,0.053,0.13008,0.81692,-0.164248
2009-07-27,0.07396,0.2084,0.71756,-0.284964
2009-07-28,0.06856,0.1904,0.74112,-0.300288
2009-07-29,0.07304,0.1856,0.74144,-0.31262
2009-07-30,0.0658,0.19724,0.737,-0.265136
2009-07-31,0.09096,0.16892,0.74008,-0.22312
2009-08-03,0.06928,0.1054,0.82536,-0.138668
2009-08-04,0.026,0.16252,0.81148,-0.3101
2009-08-05,0.0436,0.1526,0.8038,-0.23992
2009-08-06,0.05384,0.12468,0.82152,-0.178052
2009-08-07,0.08056,0.21384,0.70556,-0.295884
2009-08-10,0.05192,0.16684,0.7812,-0.242556
2009-08-11,0.05664,0.20576,0.73756,-0.278824
2009-08-12,0.06072,0.1232,0.81608,-0.075436
2009-08-13,0.05688,0.11696,0.8262,-0.205424
2009-08-14,0.05188,0.14468,0.80344,-0.181096
2009-08-17,0.0536,0.2126,0.7338,-0.29982
2009-08-18,0.05948,0.12412,0.81648,-0.15656
2009-08-19,0.06816,0.16664,0.76528,-0.260832
2009-08-20,0.0806,0.11032,0.80904,-0.108648
2009-08-21,0.0704,0.20048,0.72896,-0.37504
2009-08-24,0.055,0.1202,0.82484,-0.172796
2009-08-25,0.08284,0.175,0.74224,-0.2
2009-08-26,0.0744,0.16076,0.7648,-0.13976
2009-08-27,0.06184,0.17088,0.76736,-0.278644
2009-08-28,0.062,0.14852,0.7894,-0.155236
2009-08-31,0.0674,0.17636,0.75632,-0.260068
2009-09-01,0.0454,0.1066,0.84796,-0.181712
2009-09-02,0.13772,0.17996,0.68236,-0.108916
2009-09-03,0.05672,0.16212,0.78116,-0.176668
2009-09-04,0.06964,0.15344,0.77696,-0.175416
2009-09-08,0.07268,0.16128,0.76596,-0.183104
2009-09-09,0.05116,0.1128,0.83604,-0.170552
2009-09-10,0.0556,0.13344,0.81104,-0.26098
2009-09-11,0.08228,0.16428,0.75352,-0.180928
2009-09-14,0.1132,0.10264,0.78412,-0.112512
2009-09-15,0.10228,0.105,0.79272,0.019432
2009-09-16,0.05304,0.12556,0.82144,-0.10096
2009-09-17,0.0578,0.21656,0.72564,-0.383784
2009-09-18,0.09156,0.15536,0.75304,-0.195904
2009-09-21,0.04592,0.14268,0.81136,-0.132144
2009-09-22,0.08956,0.18872,0.72172,-0.23028
2009-09-23,0.0916,0.15404,0.75444,-0.130804
2009-09-24,0.06536,0.13484,0.79984,-0.230428
2009-09-25,0.08032,0.12812,0.79156,-0.065116
2009-09-28,0.14608,0.15688,0.69704,-0.006404
2009-09-29,0.08416,0.19972,0.71608,-0.316328
2009-09-30,0.0404,0.2012,0.75844,-0.299776
2009-10-01,0.07552,0.17168,0.75284,-0.188708
2009-10-02,0.08316,0.17332,0.74352,-0.204268
2009-10-05,0.08832,0.16492,0.7468,-0.234248
2009-10-06,0.06916,0.16496,0.76584,-0.246124
2009-10-07,0.06312,0.25872,0.67812,-0.466652
2009-10-08,0.095,0.13892,0.76608,-0.08478
2009-10-09,0.1132,0.11872,0.76812,-0.079904
2009-10-12,0.05352,0.1294,0.817,-0.230188
2009-10-13,0.10732,0.23884,0.65384,-0.140792
2009-10-14,0.04164,0.18656,0.7718,-0.296268
2009-10-15,0.10528,0.13792,0.75676,-0.094304
2009-10-16,0.07764,0.15676,0.76552,-0.215508
2009-10-19,0.09168,0.14632,0.762,-0.183768
2009-10-20,0.10812,0.11516,0.77664,0.043816
2009-10-21,0.0704,0.16296,0.76656,-0.139744
2009-10-22,0.07792,0.1622,0.75992,-0.172584
2009-10-23,0.071,0.1346,0.79436,-0.103768
2009-10-26,0.0602,0.20948,0.73032,-0.386364
2009-10-27,0.05588,0.18628,0.75784,-0.33648
2009-10-28,0.09196,0.21096,0.69708,-0.267188
2009-10-29,0.06796,0.1244,0.80768,-0.18188
2009-10-30,0.07336,0.16492,0.76168,-0.130448
2009-11-02,0.0786,0.11044,0.81096,-0.054
2009-11-03,0.05792,0.12112,0.82088,-0.163688
2009-11-04,0.07148,0.15752,0.77104,-0.164804
2009-11-05,0.06196,0.19468,0.74336,-0.267228
2009-11-06,0.06104,0.15428,0.7848,-0.198516
2009-11-09,0.0846,0.12284,0.7926,-0.07712
2009-11-10,0.06292,0.1464,0.79068,-0.19778
2009-11-11,0.08556,0.13292,0.78148,-0.089844
2009-11-12,0.05052,0.17824,0.77124,-0.264444
2009-11-13,0.08496,0.1542,0.76088,-0.160608
2009-11-16,0.05172,0.204,0.74432,-0.352712
2009-11-17,0.11344,0.108,0.77856,-0.087908
2009-11-18,0.03632,0.175,0.7886,-0.25056
2009-11-19,0.09188,0.13064,0.77732,-0.161524
2009-11-20,0.05888,0.17568,0.7654,-0.27468
2009-11-23,0.01064,0.23356,0.75572,-0.451672
2009-11-24,0.0484,0.21092,0.74064,-0.349728
2009-11-25,0.0448,0.16524,0.78992,-0.21642
2009-11-27,0.06892,0.16024,0.7708,-0.205984
2009-11-30,0.04336,0.19576,0.76088,-0.272344
2009-12-01,0.06704,0.1872,0.74584,-0.219032
2009-12-02,0.01756,0.2176,0.76484,-0.478244
2009-12-03,0.0716,0.19808,0.73028,-0.247764
2009-12-04,0.01692,0.16476,0.81836,-0.256812
2009-12-07,0.07428,0.18328,0.74248,-0.186616
2009-12-08,0.09784,0.14692,0.75528,-0.138112
2009-12-09,0.09336,0.14812,0.75856,-0.110256
2009-12-10,0.06432,0.18588,0.74984,-0.311572
2009-12-11,0.04684,0.20904,0.74416,-0.27946
2009-12-14,0.0586,0.2576,0.6838,-0.358604
2009-12-15,0.0574,0.23644,0.70612,-0.416492
2009-12-16,0.05972,0.19376,0.74652,-0.348008
2009-12-17,0.06188,0.17888,0.75932,-0.291732
2009-12-18,0.09132,0.20052,0.70816,-0.26332
2009-12-21,0.06636,0.18788,0.74576,-0.1986
2009-12-22,0.093,0.165,0.742,-0.271824
2009-12-23,0.07772,0.18524,0.73712,-0.21508
2009-12-24,0.04876,0.14488,0.80636,-0.2303
2009-12-28,0.12144,0.10684,0.77168,0.05572
2009-12-29,0.04924,0.12992,0.82084,-0.130672
2009-12-30,0.05456,0.20572,0.73972,-0.340788
2009-12-31,0.0686,0.17288,0.75856,-0.325792
2010-01-04,0.05504,0.11504,0.82984,-0.168972
2010-01-05,0.04048,0.209,0.75052,-0.304724
2010-01-06,0.053,0.20196,0.74504,-0.369364
2010-01-07,0.11536,0.17556,0.70904,-0.14264
2010-01-08,0.05956,0.21852,0.72196,-0.374108
2010-01-11,0.04228,0.18176,0.77596,-0.365516
2010-01-12,0.0526,0.13488,0.81256,-0.266344
2010-01-13,0.08036,0.2286,0.69092,-0.251728
2010-01-14,0.07124,0.15916,0.76952,-0.224696
2010-01-15,0.06872,0.18248,0.74876,-0.174956
2010-01-19,0.05492,0.20032,0.74476,-0.29476
2010-01-20,0.08784,0.11244,0.79984,-0.081572
2010-01-21,0.05036,0.15812,0.79148,-0.323508
2010-01-22,0.10804,0.15844,0.73348,-0.154212
2010-01-25,0.0694,0.14664,0.78388,-0.228104
2010-01-26,0.04788,0.20336,0.7488,-0.395028
2010-01-27,0.0634,0.13208,0.8046,-0.199276
2010-01-28,0.0672,0.16772,0.76512,-0.296384
2010-01-29,0.05764,0.19192,0.75036,-0.345656
2010-02-01,0.04476,0.14584,0.80936,-0.272228
2010-02-02,0.08924,0.1762,0.73448,-0.144648
2010-02-03,0.13076,0.11024,0.75896,-0.03094
2010-02-04,0.08152,0.1774,0.74104,-0.248324
2010-02-05,0.11832,0.1682,0.71348,-0.009336
2010-02-08,0.06956,0.15496,0.77548,-0.161708
2010-02-09,0.07592,0.14736,0.7768,-0.295348
2010-02-10,0.08872,0.1812,0.73012,-0.241124
2010-02-11,0.07172,0.1536,0.77472,-0.19514
2010-02-12,0.0716,0.25264,0.67576,-0.281224
2010-02-16,0.02048,0.23312,0.74636,-0.425064
2010-02-17,0.04796,0.19232,0.75976,-0.34868
2010-02-18,0.04164,0.15004,0.80828,-0.240404
2010-02-19,0.06244,0.26052,0.67704,-0.351752
2010-02-22,0.04912,0.21104,0.73988,-0.333176
2010-02-23,0.07116,0.23012,0.69868,-0.331568
2010-02-24,0.09004,0.18272,0.72724,-0.275764
2010-02-25,0.04688,0.12756,0.82552,-0.14456
2010-02-26,0.04696,0.10732,0.84564,-0.12946
2010-03-01,0.03896,0.21124,0.74988,-0.397704
2010-03-02,0.05316,0.18116,0.76564,-0.263628
2010-03-03,0.09676,0.21292,0.6904,-0.235696
2010-03-04,0.08712,0.16996,0.7428,-0.1293
2010-03-05,0.07372,0.20448,0.7218,-0.16498
2010-03-08,0.07832,0.14272,0.77896,-0.135024
2010-03-09,0.10188,0.15792,0.74024,-0.12388
2010-03-10,0.10448,0.1574,0.73816,-0.11082
2010-03-11,0.07644,0.16364,0.75988,-0.115456
2010-03-12,0.04928,0.14556,0.8052,-0.22864
2010-03-15,0.05908,0.09412,0.84684,-0.063976
2010-03-16,0.06344,0.19144,0.74512,-0.327252
2010-03-17,0.0622,0.16524,0.77256,-0.15732
2010-03-18,0.06828,0.15004,0.78164,-0.16652
2010-03-19,0.05316,0.18944,0.75732,-0.291608
2010-03-22,0.06156,0.17404,0.76436,-0.256364
2010-03-23,0.06624,0.19884,0.73488,-0.25012
2010-03-24,0.04172,0.15968,0.79868,-0.267644
2010-03-25,0.0716,0.15116,0.77712,-0.20354
2010-03-26,0.05748,0.23732,0.7052,-0.261296
2010-03-29,0.04676,0.19212,0.76112,-0.31716
2010-03-30,0.07604,0.17764,0.7464,-0.293296
2010-03-31,0.02784,0.25024,0.72196,-0.44286
2010-04-01,0.08492,0.17948,0.7356,-0.179372
2010-04-05,0.0696,0.17728,0.75312,-0.267072
2010-04-06,0.02732,0.1862,0.78648,-0.313488
2010-04-07,0.08288,0.26784,0.64932,-0.397584
2010-04-08,0.0668,0.23636,0.6968,-0.338568
2010-04-09,0.077,0.18712,0.73584,-0.198884
2010-04-12,0.11196,0.2078,0.68024,-0.18212
2010-04-13,0.0608,0.17072,0.76852,-0.17248
2010-04-14,0.04848,0.14336,0.8082,-0.125716
2010-04-15,0.1074,0.17176,0.72092,-0.168884
2010-04-16,0.08148,0.22096,0.69756,-0.374132
2010-04-19,0.0666,0.15536,0.77808,-0.197996
2010-04-20,0.06016,0.16836,0.77148,-0.221552
2010-04-21,0.07172,0.1864,0.74192,-0.23894
2010-04-22,0.08672,0.12288,0.79044,-0.089344
2010-04-23,0.04104,0.1388,0.82016,-0.231936
2010-04-26,0.03936,0.14488,0.8158,-0.134396
2010-04-27,0.09796,0.10228,0.79984,-0.036932
2010-04-28,0.06824,0.14248,0.7892,-0.215208
2010-04-29,0.03544,0.22496,0.73948,-0.329844
2010-04-30,0.06236,0.1966,0.74096,-0.335392
2010-05-03,0.08108,0.20236,0.71656,-0.2371
2010-05-04,0.11724,0.18604,0.6968,-0.199976
2010-05-05,0.06568,0.2074,0.72692,-0.22774
2010-05-06,0.0722,0.15016,0.77764,-0.20528
2010-05-07,0.06576,0.15876,0.77548,-0.219084
2010-05-10,0.08832,0.16696,0.74468,-0.207308
2010-05-11,0.0932,0.18956,0.71724,-0.279128
2010-05-12,0.07372,0.18052,0.74576,-0.307156
2010-05-13,0.04996,0.1732,0.7768,-0.22186
2010-05-14,0.0456,0.24632,0.70816,-0.389916
2010-05-17,0.05792,0.16092,0.78108,-0.118764
2010-05-18,0.06,0.11336,0.82664,-0.129112
2010-05-19,0.06512,0.18116,0.75372,-0.348204
2010-05-20,0.05904,0.16976,0.77112,-0.247784
2010-05-21,0.0196,0.1842,0.7962,-0.286348
2010-05-24,0.05988,0.1426,0.79748,-0.24884
2010-05-25,0.04596,0.2122,0.74188,-0.366748
2010-05-26,0.0454,0.141,0.81356,-0.20378
2010-05-27,0.08476,0.17228,0.74292,-0.156708
2010-05-28,0.056,0.1914,0.75256,-0.301296
2010-06-01,0.05068,0.11836,0.83104,-0.188132
2010-06-02,0.05936,0.22552,0.71512,-0.490776
2010-06-03,0.04532,0.11456,0.84016,-0.164132
2010-06-04,0.07976,0.18464,0.7356,-0.286836
2010-06-07,0.02084,0.17904,0.80012,-0.37938
2010-06-08,0.05884,0.189,0.75216,-0.390884
2010-06-09,0.05892,0.12292,0.81804,-0.1873
2010-06-10,0.08608,0.175,0.7388,-0.229468
2010-06-11,0.0626,0.16736,0.76996,-0.20898
2010-06-14,0.06004,0.13196,0.808,-0.102316
2010-06-15,0.07964,0.21664,0.70368,-0.310872
2010-06-16,0.0618,0.15484,0.78332,-0.205744
2010-06-17,0.07316,0.14,0.78684,-0.135232
2010-06-18,0.04772,0.1612,0.79104,-0.282728
2010-06-21,0.05084,0.11828,0.83088,-0.138704
2010-06-22,0.06148,0.14124,0.79724,-0.198156
2010-06-23,0.07936,0.15192,0.76876,-0.165664
2010-06-24,0.05928,0.17376,0.76704,-0.195156
2010-06-25,0.08228,0.16516,0.75248,-0.139692
2010-06-28,0.04788,0.16612,0.78604,-0.220452
2010-06-29,0.0392,0.14612,0.81468,-0.23762
2010-06-30,0.04128,0.21948,0.7392,-0.393232
2010-07-01,0.09192,0.14392,0.76416,-0.042452
2010-07-02,0.05028,0.2118,0.738,-0.35108
2010-07-06,0.06912,0.20684,0.724,-0.25804
2010-07-07,0.06308,0.14928,0.78764,-0.183148
2010-07-08,0.0622,0.18864,0.74916,-0.296748
2010-07-09,0.05632,0.13752,0.80612,-0.141496
2010-07-12,0.05736,0.25376,0.68892,-0.467236
2010-07-13,0.06596,0.18196,0.75212,-0.295808
2010-07-14,0.0822,0.15116,0.76676,-0.218096
2010-07-15,0.07384,0.15496,0.7712,-0.231576
2010-07-16,0.0736,0.1982,0.72816,-0.28308
2010-07-19,0.07388,0.08216,0.84404,-0.025508
2010-07-20,0.08792,0.07592,0.8362,0.052424
2010-07-21,0.04592,0.1996,0.75448,-0.4207
2010-07-22,0.08788,0.16348,0.74856,-0.134296
2010-07-23,0.0626,0.16116,0.77624,-0.208376
2010-07-26,0.07492,0.18184,0.74312,-0.309752
2010-07-27,0.07412,0.16784,0.75808,-0.237296
2010-07-28,0.04684,0.1568,0.79644,-0.313324
2010-07-29,0.08956,0.1432,0.76728,-0.204008
2010-07-30,0.01588,0.17912,0.805,-0.347728
2010-08-02,0.07592,0.16776,0.7564,-0.265452
2010-08-03,0.058,0.15968,0.78228,-0.148624
2010-08-04,0.0452,0.1688,0.78596,-0.271172
2010-08-05,0.06256,0.11792,0.81952,-0.117212
2010-08-06,0.10064,0.23068,0.66868,-0.246248
2010-08-09,0.08028,0.13956,0.78012,-0.177108
2010-08-10,0.05148,0.1788,0.76968,-0.308052
2010-08-11,0.0716,0.10864,0.81984,-0.033708
2010-08-12,0.07488,0.14992,0.77532,-0.170436
2010-08-13,0.06032,0.14084,0.7988,-0.205552
2010-08-16,0.06016,0.19616,0.7436,-0.29356
2010-08-17,0.10132,0.13064,0.768,-0.088504
2010-08-18,0.09652,0.15288,0.75064,-0.11546
2010-08-19,0.04392,0.15424,0.8018,-0.164156
2010-08-20,0.03096,0.15076,0.81832,-0.259864
2010-08-23,0.09156,0.15028,0.75816,-0.152056
2010-08-24,0.02924,0.15868,0.81212,-0.2824
2010-08-25,0.06088,0.22228,0.71692,-0.340264
2010-08-26,0.08128,0.1972,0.72156,-0.109812
2010-08-27,0.06752,0.15116,0.78132,-0.114072
2010-08-30,0.03436,0.16676,0.79884,-0.266392
2010-08-31,0.05048,0.1524,0.79708,-0.27986
2010-09-01,0.06084,0.17272,0.76644,-0.246496
2010-09-02,0.06684,0.18804,0.74504,-0.269532
2010-09-03,0.07588,0.21668,0.70748,-0.307048
2010-09-07,0.08512,0.19784,0.71708,-0.17196
2010-09-08,0.05032,0.16624,0.7834,-0.155828
2010-09-09,0.06336,0.18312,0.75356,-0.198948
2010-09-10,0.07196,0.21932,0.70864,-0.284404
2010-09-13,0.02504,0.13648,0.83848,-0.23968
2010-09-14,0.06964,0.20088,0.72944,-0.2412
2010-09-15,0.05056,0.10088,0.84856,-0.122796
2010-09-16,0.09752,0.13288,0.76968,-0.106736
2010-09-17,0.08252,0.17572,0.74172,-0.26762
2010-09-20,0.1026,0.15696,0.74028,-0.15964
2010-09-21,0.10468,0.11464,0.78068,-0.014988
2010-09-22,0.0526,0.20784,0.73956,-0.272188
2010-09-23,0.0474,0.20264,0.75,-0.256744
2010-09-24,0.03204,0.1874,0.78052,-0.358592
2010-09-27,0.04532,0.15476,0.79984,-0.233808
2010-09-28,0.04272,0.20768,0.74964,-0.373128
2010-09-29,0.0748,0.20964,0.7156,-0.223436
2010-09-30,0.06356,0.14548,0.79092,-0.154732
2010-10-01,0.07196,0.1976,0.7304,-0.315008
2010-10-04,0.07572,0.20052,0.7238,-0.357684
2010-10-05,0.1196,0.12852,0.75184,-0.126716
2010-10-06,0.0628,0.06616,0.87104,-0.000808
2010-10-07,0.09244,0.11816,0.7894,-0.116916
2010-10-08,0.0818,0.186,0.7322,-0.233632
2010-10-11,0.10308,0.20432,0.69272,-0.189484
2010-10-12,0.073,0.1602,0.76688,-0.23342
2010-10-13,0.09028,0.1952,0.71452,-0.184808
2010-10-14,0.10512,0.12608,0.76872,-0.0016
2010-10-15,0.09416,0.14228,0.76364,-0.090564
2010-10-18,0.05632,0.19992,0.74368,-0.263452
2010-10-19,0.10988,0.181,0.70908,-0.102556
2010-10-20,0.0188,0.14348,0.83772,-0.291736
2010-10-21,0.07872,0.141,0.78032,-0.165396
2010-10-22,0.05952,0.22476,0.71564,-0.350012
2010-10-25,0.04344,0.14964,0.80696,-0.2473
2010-10-26,0.07624,0.20456,0.71916,-0.27458
2010-10-27,0.07344,0.15708,0.76948,-0.13924
2010-10-28,0.05,0.2306,0.7194,-0.344852
2010-10-29,0.03616,0.16152,0.80232,-0.238992
2010-11-01,0.06908,0.21176,0.71912,-0.204572
2010-11-02,0.09756,0.15136,0.75108,-0.156488
2010-11-03,0.04088,0.10192,0.85716,-0.175048
2010-11-04,0.03132,0.188,0.78072,-0.37502
2010-11-05,0.0538,0.14668,0.79956,-0.209228
2010-11-08,0.04724,0.17472,0.77804,-0.241816
2010-11-09,0.06816,0.17344,0.75844,-0.239296
2010-11-10,0.07984,0.15988,0.76032,-0.239864
2010-11-11,0.06096,0.13892,0.80024,-0.138332
2010-11-12,0.07692,0.1138,0.80932,-0.135508
2010-11-15,0.05856,0.24052,0.70092,-0.303664
2010-11-16,0.06816,0.17508,0.7568,-0.243904
2010-11-17,0.06724,0.09996,0.8328,-0.105996
2010-11-18,0.047,0.17856,0.7744,-0.314
2010-11-19,0.05804,0.1582,0.78372,-0.15546
2010-11-22,0.08064,0.21836,0.70104,-0.227384
2010-11-23,0.04132,0.138,0.82064,-0.159864
2010-11-24,0.06276,0.1462,0.79112,-0.103648
2010-11-26,0.10392,0.132,0.76412,-0.147724
2010-11-29,0.0394,0.26508,0.69552,-0.47728
2010-11-30,0.04808,0.18572,0.76628,-0.331144
2010-12-01,0.05992,0.17276,0.76728,-0.217072
2010-12-02,0.07764,0.1734,0.74896,-0.215
2010-12-03,0.07492,0.1204,0.80472,-0.212996
2010-12-06,0.05368,0.13872,0.80764,-0.180864
2010-12-07,0.07192,0.15952,0.76856,-0.246528
2010-12-08,0.08804,0.13764,0.7744,-0.125088
2010-12-09,0.06156,0.1182,0.82036,-0.103044
2010-12-10,0.04984,0.17564,0.77448,-0.233128
2010-12-13,0.0566,0.14888,0.7946,-0.094356
2010-12-14,0.10212,0.15732,0.7406,-0.141404
2010-12-15,0.05464,0.18872,0.75668,-0.263856
2010-12-16,0.08928,0.19736,0.71328,-0.278556
2010-12-17,0.05272,0.19912,0.7482,-0.332608
2010-12-20,0.05936,0.15428,0.78628,-0.183376
2010-12-21,0.06048,0.18268,0.7568,-0.29596
2010-12-22,0.03424,0.12372,0.84208,-0.231212
2010-12-23,0.07616,0.1912,0.73248,-0.29206
2010-12-27,0.07912,0.1502,0.77068,-0.137104
2010-12-28,0.05876,0.20204,0.73928,-0.29874
2010-12-29,0.05984,0.19232,0.74784,-0.2488
2010-12-30,0.06852,0.12636,0.80516,-0.10182
2010-12-31,0.07908,0.16388,0.757,-0.22646
2011-01-03,0.04332,0.09992,0.85684,-0.155496
2011-01-04,0.0442,0.09924,0.85656,-0.204116
2011-01-05,0.05816,0.15068,0.7912,-0.265552
2011-01-06,0.04728,0.24556,0.70716,-0.415024
2011-01-07,0.05748,0.15692,0.78552,-0.255408
2011-01-10,0.06824,0.15952,0.77232,-0.188656
2011-01-11,0.09616,0.17332,0.73056,-0.152564
2011-01-12,0.03872,0.189,0.77224,-0.359616
2011-01-13,0.11552,0.17128,0.71316,-0.106748
2011-01-14,0.05608,0.11724,0.82668,-0.05118
2011-01-18,0.05384,0.11104,0.83508,-0.11892
2011-01-19,0.05472,0.1532,0.79208,-0.193776
2011-01-20,0.10588,0.15792,0.73628,-0.169744
2011-01-21,0.06208,0.165,0.77284,-0.306712
2011-01-24,0.05704,0.11764,0.82536,-0.111224
2011-01-25,0.06696,0.20672,0.72628,-0.299192
2011-01-26,0.0616,0.18588,0.75244,-0.251876
2011-01-27,0.0394,0.13068,0.82996,-0.218132
2011-01-28,0.03708,0.09012,0.87284,-0.133732
2011-01-31,0.06116,0.16224,0.77652,-0.139184
2011-02-01,0.093,0.07488,0.83212,0.027384
2011-02-02,0.12368,0.12088,0.75548,-0.028628
2011-02-03,0.07028,0.26644,0.66328,-0.313936
2011-02-04,0.08312,0.13484,0.78204,-0.095176
2011-02-07,0.07404,0.13712,0.78884,-0.14308
2011-02-08,0.0106,0.10332,0.886,-0.215012
2011-02-09,0.02988,0.1934,0.77668,-0.299224
2011-02-10,0.0576,0.15524,0.78712,-0.198392
2011-02-11,0.10216,0.1188,0.77916,-0.10582
2011-02-14,0.07468,0.17436,0.751,-0.135368
2011-02-15,0.038,0.21708,0.74492,-0.3685
2011-02-16,0.04512,0.24424,0.7106,-0.34894
2011-02-17,0.05916,0.24676,0.69412,-0.328856
2011-02-18,0.06488,0.2232,0.71192,-0.344368
2011-02-22,0.0778,0.13224,0.78996,-0.045016
2011-02-23,0.05096,0.14976,0.79924,-0.19974
2011-02-24,0.0482,0.18404,0.7678,-0.211504
2011-02-25,0.04348,0.19984,0.7568,-0.269936
2011-02-28,0.077,0.17332,0.74972,-0.177592
2011-03-01,0.05976,0.10924,0.83104,-0.120004
2011-03-02,0.07428,0.20332,0.7224,-0.315364
2011-03-03,0.0514,0.19972,0.7488,-0.278272
2011-03-04,0.0628,0.20724,0.72996,-0.295916
2011-03-07,0.07528,0.11556,0.80916,-0.051144
2011-03-08,0.08256,0.1934,0.72412,-0.199496
2011-03-09,0.04368,0.1772,0.77916,-0.301732
2011-03-10,0.04104,0.23172,0.72724,-0.280612
2011-03-11,0.098,0.08748,0.81448,0.051928
2011-03-14,0.0604,0.1412,0.79848,-0.107984
2011-03-15,0.07752,0.17844,0.74408,-0.206324
2011-03-16,0.09048,0.15752,0.75204,-0.23462
2011-03-17,0.0872,0.1846,0.7282,-0.200124
2011-03-18,0.0806,0.10932,0.81,-0.081648
2011-03-21,0.04352,0.1888,0.76764,-0.279496
2011-03-22,0.11656,0.1412,0.74224,-0.044864
2011-03-23,0.0438,0.21416,0.7422,-0.3237
2011-03-24,0.02396,0.20044,0.7756,-0.365708
2011-03-25,0.06964,0.1148,0.81556,-0.136564
2011-03-28,0.04008,0.23648,0.72344,-0.426876
2011-03-29,0.07296,0.19108,0.736,-0.198948
2011-03-30,0.025,0.12124,0.8538,-0.120976
2011-03-31,0.06332,0.18208,0.75456,-0.195248
2011-04-01,0.05836,0.15192,0.78972,-0.246832
2011-04-04,0.0512,0.18088,0.76788,-0.285156
2011-04-05,0.03708,0.23656,0.7264,-0.363468
2011-04-06,0.07848,0.13116,0.79036,-0.182188
2011-04-07,0.05328,0.21088,0.73588,-0.307128
2011-04-08,0.07448,0.17376,0.7518,-0.19694
2011-04-11,0.0616,0.18336,0.75504,-0.173076
2011-04-12,0.09496,0.24876,0.65628,-0.346112
2011-04-13,0.02992,0.17928,0.7908,-0.257044
2011-04-14,0.06656,0.18952,0.74392,-0.246144
2011-04-15,0.05508,0.1972,0.74776,-0.2777
2011-04-18,0.06476,0.17036,0.76484,-0.150944
2011-04-19,0.08616,0.17844,0.7354,-0.19408
2011-04-20,0.08704,0.2168,0.69608,-0.23736
2011-04-21,0.0474,0.15008,0.80252,-0.193416
2011-04-25,0.0856,0.16904,0.74544,-0.189104
2011-04-26,0.07532,0.19148,0.73332,-0.307672
2011-04-27,0.047,0.12572,0.82724,-0.150268
2011-04-28,0.08216,0.1688,0.74904,-0.06626
2011-04-29,0.0472,0.1544,0.7984,-0.277152
2011-05-02,0.056,0.19732,0.74668,-0.296148
2011-05-03,0.0716,0.19548,0.73296,-0.224312
2011-05-04,0.03784,0.20412,0.75796,-0.3232
2011-05-05,0.03036,0.19672,0.77296,-0.28044
2011-05-06,0.07876,0.18988,0.73148,-0.237268
2011-05-09,0.07376,0.15388,0.77228,-0.18762
2011-05-10,0.04592,0.26292,0.69116,-0.448408
2011-05-11,0.04744,0.13068,0.82188,-0.12956
2011-05-12,0.03212,0.2456,0.72228,-0.410268
2011-05-13,0.05856,0.16236,0.77904,-0.271224
2011-05-16,0.03972,0.1344,0.82596,-0.263484
2011-05-17,0.03352,0.1496,0.81692,-0.275724
2011-05-18,0.07936,0.1594,0.7612,-0.14616
2011-05-19,0.04844,0.11284,0.83876,-0.058076
2011-05-20,0.06284,0.19732,0.73984,-0.16446
2011-05-23,0.08584,0.23744,0.67668,-0.312152
2011-05-24,0.05652,0.22624,0.71716,-0.361
2011-05-25,0.0836,0.1514,0.765,-0.249572
2011-05-26,0.06016,0.14684,0.79292,-0.17492
2011-05-27,0.0668,0.18552,0.74768,-0.23226
2011-05-31,0.036,0.21456,0.74944,-0.301704
2011-06-01,0.04908,0.20184,0.74908,-0.429868
2011-06-02,0.06712,0.21828,0.71464,-0.3585
2011-06-03,0.03328,0.22712,0.73952,-0.401224
2011-06-06,0.0474,0.18428,0.76828,-0.277256
2011-06-07,0.0488,0.1784,0.77284,-0.275648
2011-06-08,0.07016,0.14632,0.7836,-0.157568
2011-06-09,0.06284,0.15084,0.78628,-0.128064
2011-06-10,0.08048,0.14264,0.77684,-0.098308
2011-06-13,0.057,0.14212,0.80092,-0.133732
2011-06-14,0.06456,0.23148,0.70396,-0.317172
2011-06-15,0.07136,0.1646,0.764,-0.235592
2011-06-16,0.06276,0.13644,0.80084,-0.114072
2011-06-17,0.0192,0.23308,0.74772,-0.3796
2011-06-20,0.0604,0.21252,0.72716,-0.346132
2011-06-21,0.09932,0.16024,0.7404,-0.176584
2011-06-22,0.07856,0.20788,0.71356,-0.23464
2011-06-23,0.08604,0.1558,0.7582,-0.226104
2011-06-24,0.08216,0.18128,0.73668,-0.181532
2011-06-27,0.05824,0.1206,0.82116,-0.093224
2011-06-28,0.075,0.16876,0.75624,-0.181504
2011-06-29,0.07588,0.1626,0.7616,-0.220864
2011-06-30,0.02968,0.17328,0.79708,-0.29156
2011-07-01,0.10428,0.17648,0.7192,-0.119632
2011-07-05,0.06684,0.18168,0.75148,-0.313104
2011-07-06,0.058,0.129,0.813,-0.170884
2011-07-07,0.08612,0.11592,0.79796,-0.236576
2011-07-08,0.0722,0.22644,0.7014,-0.298428
2011-07-11,0.05104,0.14672,0.80216,-0.24952
2011-07-12,0.05944,0.18616,0.7544,-0.316424
2011-07-13,0.07392,0.17416,0.75196,-0.16818
2011-07-14,0.064,0.12684,0.80912,-0.099424
2011-07-15,0.03,0.15052,0.81948,-0.24356
2011-07-18,0.03644,0.13712,0.82644,-0.234044
2011-07-19,0.03408,0.13924,0.82672,-0.221056
2011-07-20,0.05948,0.13548,0.80508,-0.169112
2011-07-21,0.039,0.20416,0.7568,-0.337152
2011-07-22,0.04,0.15564,0.80432,-0.22146
2011-07-25,0.03824,0.20712,0.75472,-0.358052
2011-07-26,0.08492,0.19224,0.72276,-0.315724
2011-07-27,0.07712,0.21488,0.70796,-0.310628
2011-07-28,0.03264,0.20012,0.76724,-0.33302
2011-07-29,0.08944,0.15452,0.75608,-0.115756
2011-08-01,0.0382,0.26524,0.6966,-0.468692
2011-08-02,0.03784,0.14716,0.81496,-0.225576
2011-08-03,0.09384,0.17124,0.73488,-0.172232
2011-08-04,0.04836,0.17884,0.77276,-0.307696
2011-08-05,0.04764,0.17356,0.7788,-0.249816
2011-08-08,0.09056,0.213,0.69644,-0.283652
2011-08-09,0.03516,0.25116,0.71364,-0.497552
2011-08-10,0.04124,0.2044,0.7544,-0.353716
2011-08-11,0.06564,0.19124,0.74312,-0.304856
2011-08-12,0.05668,0.22352,0.7198,-0.266644
2011-08-15,0.06872,0.14396,0.78732,-0.139332
2011-08-16,0.03088,0.21492,0.75424,-0.368796
2011-08-17,0.07908,0.18932,0.73164,-0.342412
2011-08-18,0.0642,0.14944,0.78632,-0.129704
2011-08-19,0.04592,0.203,0.751,-0.295052
2011-08-22,0.03756,0.14888,0.81356,-0.191752
2011-08-23,0.0644,0.11948,0.81604,-0.096768
2011-08-24,0.06772,0.13832,0.79388,-0.178296
2011-08-25,0.0686,0.17564,0.75572,-0.208496
2011-08-26,0.03644,0.22584,0.73776,-0.406912
2011-08-29,0.04648,0.19576,0.75776,-0.256876
2011-08-30,0.06744,0.19472,0.7378,-0.284008
2011-08-31,0.05112,0.1958,0.75316,-0.336272
2011-09-01,0.06748,0.12788,0.8046,-0.069412
2011-09-02,0.09812,0.1766,0.72524,-0.136448
2011-09-06,0.04064,0.12464,0.83472,-0.1823
2011-09-07,0.0422,0.15356,0.80428,-0.208092
2011-09-08,0.06524,0.19164,0.74316,-0.349172
2011-09-09,0.03568,0.16672,0.7976,-0.353108
2011-09-12,0.05532,0.18316,0.76144,-0.274156
2011-09-13,0.08844,0.15848,0.75304,-0.202908
2011-09-14,0.05264,0.20032,0.74708,-0.346648
2011-09-15,0.06656,0.13676,0.79668,-0.196712
2011-09-16,0.08736,0.15568,0.75692,-0.122036
2011-09-19,0.08732,0.15972,0.75296,-0.069696
2011-09-20,0.10008,0.12088,0.77912,-0.016552
2011-09-21,0.03756,0.2018,0.76056,-0.381344
2011-09-22,0.0834,0.15244,0.76412,-0.230636
2011-09-23,0.05632,0.16996,0.77372,-0.223204
2011-09-26,0.07352,0.09108,0.83548,-0.08998
2011-09-27,0.07004,0.17308,0.75688,-0.304856
2011-09-28,0.05064,0.21572,0.73372,-0.303336
2011-09-29,0.08012,0.12496,0.79484,-0.049668
2011-09-30,0.08072,0.13692,0.78224,-0.159188
2011-10-03,0.05284,0.18264,0.76452,-0.205068
2011-10-04,0.08008,0.22436,0.6956,-0.243916
2011-10-05,0.07592,0.11348,0.81064,-0.129668
2011-10-06,0.0732,0.17116,0.75564,-0.256492
2011-10-07,0.07228,0.16892,0.75872,-0.28618
2011-10-10,0.03732,0.2532,0.70952,-0.474276
2011-10-11,0.04444,0.16776,0.7878,-0.149556
2011-10-12,0.0702,0.17516,0.7546,-0.249704
2011-10-13,0.03596,0.18796,0.77604,-0.377204
2011-10-14,0.07116,0.20128,0.72752,-0.332572
2011-10-17,0.04884,0.18988,0.76128,-0.286244
2011-10-18,0.05952,0.14704,0.79348,-0.277864
2011-10-19,0.07032,0.1608,0.76888,-0.158776
2011-10-20,0.0708,0.13316,0.79608,-0.062348
2011-10-21,0.08912,0.18084,0.72992,-0.20076
2011-10-24,0.04704,0.17668,0.77636,-0.226444
2011-10-25,0.06632,0.18332,0.75032,-0.154732
2011-10-26,0.0988,0.11056,0.79072,-0.133232
2011-10-27,0.07924,0.2104,0.71036,-0.209308
2011-10-28,0.05212,0.17404,0.7738,-0.25126
2011-10-31,0.091,0.12932,0.77964,-0.048888
2011-11-01,0.09224,0.14036,0.76744,-0.117104
2011-11-02,0.06972,0.18536,0.74492,-0.190728
2011-11-03,0.0726,0.17292,0.75444,-0.198124
2011-11-04,0.0728,0.16856,0.7586,-0.18196
2011-11-07,0.06732,0.21032,0.72232,-0.333356
2011-11-08,0.06208,0.23732,0.70068,-0.385104
2011-11-09,0.08416,0.16528,0.75048,-0.259252
2011-11-10,0.05028,0.13376,0.816,-0.234288
2011-11-11,0.0622,0.21008,0.72768,-0.311864
2011-11-14,0.06716,0.1668,0.76604,-0.24042
2011-11-15,0.0646,0.10924,0.82612,-0.189436
2011-11-16,0.07456,0.12396,0.80144,-0.113436
2011-11-17,0.05724,0.15156,0.7912,-0.325416
2011-11-18,0.07372,0.13828,0.788,-0.077676
2011-11-21,0.04048,0.17036,0.78912,-0.359872
2011-11-22,0.0736,0.1714,0.75492,-0.20746
2011-11-23,0.04036,0.20044,0.75924,-0.390824
2011-11-25,0.06304,0.19348,0.74348,-0.21468
2011-11-28,0.09344,0.18168,0.72484,-0.13674
2011-11-29,0.05852,0.15388,0.78756,-0.18506
2011-11-30,0.05084,0.13492,0.81428,-0.17754
2011-12-01,0.0772,0.20044,0.72236,-0.297916
2011-12-02,0.10816,0.18492,0.70684,-0.209552
2011-12-05,0.08552,0.20224,0.71228,-0.309768
2011-12-06,0.08012,0.20856,0.71136,-0.23112
2011-12-07,0.06064,0.18808,0.75116,-0.260692
2011-12-08,0.07548,0.19756,0.72696,-0.277252
2011-12-09,0.04856,0.1786,0.77284,-0.24536
2011-12-12,0.06976,0.14092,0.78928,-0.176876
2011-12-13,0.04904,0.12864,0.82224,-0.174084
2011-12-14,0.03332,0.2198,0.74688,-0.367404
2011-12-15,0.0328,0.16764,0.79952,-0.327688
2011-12-16,0.0674,0.19572,0.73684,-0.25794
2011-12-19,0.05376,0.20408,0.74228,-0.306148
2011-12-20,0.04972,0.10988,0.84044,-0.08246
2011-12-21,0.045,0.16416,0.79088,-0.221072
2011-12-22,0.05828,0.21516,0.7266,-0.370616
2011-12-23,0.03892,0.19128,0.76984,-0.328168
2011-12-27,0.046,0.16048,0.79352,-0.260696
2011-12-28,0.098,0.21552,0.68648,-0.247572
2011-12-29,0.07848,0.15292,0.76856,-0.1291
2011-12-30,0.07364,0.17664,0.74968,-0.246512
2012-01-03,0.0746,0.12228,0.80312,-0.131964
2012-01-04,0.06536,0.1594,0.7752,-0.154852
2012-01-05,0.05424,0.20856,0.73712,-0.360052
2012-01-06,0.0426,0.23388,0.72356,-0.372744
2012-01-09,0.08232,0.09968,0.81812,-0.089604
2012-01-10,0.04484,0.17876,0.77636,-0.243012
2012-01-11,0.02788,0.2702,0.70196,-0.524596
2012-01-12,0.02604,0.16512,0.80884,-0.251476
2012-01-13,0.06056,0.2172,0.7222,-0.363284
2012-01-17,0.07348,0.15784,0.7686,-0.23022
2012-01-18,0.05968,0.18108,0.7592,-0.228492
2012-01-19,0.05716,0.17228,0.77052,-0.249924
2012-01-20,0.05624,0.17448,0.76924,-0.26158
2012-01-23,0.06856,0.18772,0.7438,-0.237324
2012-01-24,0.03004,0.1426,0.82732,-0.262264
2012-01-25,0.05764,0.16192,0.7804,-0.231664
2012-01-26,0.07724,0.16824,0.7546,-0.209072
2012-01-27,0.02364,0.2476,0.72876,-0.415128
2012-01-30,0.06832,0.15176,0.78004,-0.178048
2012-01-31,0.06508,0.1838,0.75108,-0.293848
2012-02-01,0.0928,0.21072,0.6964,-0.268744
2012-02-02,0.07476,0.14956,0.77568,-0.143312
2012-02-03,0.05752,0.21984,0.72268,-0.312828
2012-02-06,0.0208,0.17096,0.80828,-0.353536
2012-02-07,0.06812,0.16712,0.76476,-0.246888
2012-02-08,0.08304,0.12204,0.79492,-0.040784
2012-02-09,0.03392,0.1744,0.79168,-0.32326
2012-02-10,0.06108,0.17652,0.7624,-0.224172
2012-02-13,0.05596,0.17568,0.7684,-0.282124
2012-02-14,0.06856,0.14192,0.78956,-0.194344
2012-02-15,0.06332,0.245,0.69172,-0.317152
2012-02-16,0.08112,0.1688,0.7502,-0.232556
2012-02-17,0.0152,0.18952,0.79532,-0.408916
2012-02-21,0.04164,0.21936,0.739,-0.384288
2012-02-22,0.0626,0.24888,0.68852,-0.321428
2012-02-23,0.0402,0.14152,0.81824,-0.18546
2012-02-24,0.0494,0.23484,0.71564,-0.408892
2012-02-27,0.10196,0.16704,0.731,-0.23958
2012-02-28,0.06608,0.14736,0.78656,-0.136884
2012-02-29,0.05732,0.17984,0.76288,-0.218616
2012-03-01,0.03836,0.16968,0.79196,-0.34184
2012-03-02,0.07808,0.16744,0.75452,-0.219328
2012-03-05,0.09788,0.15964,0.74252,-0.061088
2012-03-06,0.07148,0.10616,0.82232,-0.112876
2012-03-07,0.07852,0.21348,0.70796,-0.278308
2012-03-08,0.0504,0.21712,0.73244,-0.375792
2012-03-09,0.07316,0.1708,0.75604,-0.144396
2012-03-12,0.07672,0.16968,0.7536,-0.156048
2012-03-13,0.05948,0.23936,0.70112,-0.3295
2012-03-14,0.07132,0.16796,0.76076,-0.300088
2012-03-15,0.0648,0.1556,0.7796,-0.206644
2012-03-16,0.06952,0.15812,0.7724,-0.230444
2012-03-19,0.06536,0.18256,0.75216,-0.226048
2012-03-20,0.07888,0.12468,0.7964,-0.076088
2012-03-21,0.07,0.152,0.778,-0.148216
2012-03-22,0.02072,0.22488,0.7544,-0.424744
2012-03-23,0.07948,0.18236,0.73812,-0.089492
2012-03-26,0.08824,0.08596,0.82584,-0.026068
2012-03-27,0.0748,0.1854,0.7398,-0.268572
2012-03-28,0.08576,0.11436,0.79988,-0.150336
2012-03-29,0.04492,0.19652,0.7586,-0.308728
2012-03-30,0.034,0.14988,0.81604,-0.315744
2012-04-02,0.08108,0.15728,0.7616,-0.105744
2012-04-03,0.05592,0.16464,0.77944,-0.162044
2012-04-04,0.04276,0.15592,0.80128,-0.215528
2012-04-05,0.0518,0.15812,0.79004,-0.261768
2012-04-09,0.03972,0.17376,0.78652,-0.240988
2012-04-10,0.05904,0.16284,0.77804,-0.202488
2012-04-11,0.09108,0.13652,0.7724,-0.11572
2012-04-12,0.06444,0.14648,0.78904,-0.209268
2012-04-13,0.05268,0.18752,0.7598,-0.284216
2012-04-16,0.09656,0.20348,0.69996,-0.307148
2012-04-17,0.02892,0.12868,0.84236,-0.233668
2012-04-18,0.05964,0.21132,0.729,-0.24728
2012-04-19,0.09268,0.13636,0.77096,-0.074356
2012-04-20,0.08984,0.1346,0.77552,-0.139436
2012-04-23,0.04304,0.13512,0.82184,-0.15108
2012-04-24,0.10032,0.15728,0.7424,-0.15858
2012-04-25,0.07,0.15424,0.77576,-0.17478
2012-04-26,0.06892,0.17304,0.758,-0.198324
2012-04-27,0.04508,0.2344,0.72044,-0.400988
2012-04-30,0.03616,0.15088,0.81296,-0.272156
2012-05-01,0.03768,0.10756,0.8548,-0.141244
2012-05-02,0.0994,0.12696,0.7736,-0.066176
2012-05-03,0.04004,0.14224,0.81764,-0.24318
2012-05-04,0.06024,0.15792,0.78184,-0.187932
2012-05-07,0.07508,0.1872,0.73768,-0.106956
2012-05-08,0.07508,0.18384,0.74108,-0.222432
2012-05-09,0.07208,0.14704,0.78092,-0.068764
2012-05-10,0.0564,0.1876,0.756,-0.323964
2012-05-11,0.0908,0.1438,0.76532,-0.125364
2012-05-14,0.06944,0.15808,0.7724,-0.232472
2012-05-15,0.03568,0.12784,0.83648,-0.23574
2012-05-16,0.04384,0.19552,0.76064,-0.349936
2012-05-17,0.04468,0.18416,0.7712,-0.29744
2012-05-18,0.0544,0.18296,0.7626,-0.209264
2012-05-21,0.05052,0.20152,0.74804,-0.380636
2012-05-22,0.02448,0.18848,0.78704,-0.331148
2012-05-23,0.03796,0.16496,0.79708,-0.331532
2012-05-24,0.06624,0.17648,0.7572,-0.293548
2012-05-25,0.05236,0.187,0.76064,-0.24148
2012-05-29,0.0406,0.15668,0.8028,-0.264376
2012-05-30,0.07248,0.18084,0.74672,-0.190676
2012-05-31,0.06764,0.23728,0.69504,-0.325744
2012-06-01,0.04764,0.25708,0.69532,-0.442184
2012-06-04,0.04812,0.21096,0.74092,-0.263068
2012-06-05,0.07284,0.17416,0.75296,-0.189616
2012-06-06,0.05924,0.18016,0.76056,-0.301992
2012-06-07,0.0508,0.17684,0.77236,-0.315364
2012-06-08,0.021,0.14264,0.83636,-0.2344
2012-06-11,0.06824,0.132,0.7998,-0.16038
2012-06-12,0.0406,0.1216,0.8378,-0.159244
2012-06-13,0.07508,0.11916,0.8058,-0.128132
2012-06-14,0.06532,0.08324,0.85144,-0.05242
2012-06-15,0.04588,0.11052,0.8436,-0.170948
2012-06-18,0.04608,0.14088,0.81304,-0.218832
2012-06-19,0.0544,0.14336,0.80232,-0.23374
2012-06-20,0.0658,0.12768,0.80656,-0.199108
2012-06-21,0.075,0.19064,0.73436,-0.292884
2012-06-22,0.0562,0.1924,0.75152,-0.296908
2012-06-25,0.08428,0.12408,0.79168,-0.118504
2012-06-26,0.048,0.18156,0.7704,-0.379656
2012-06-27,0.0562,0.17988,0.764,-0.279024
2012-06-28,0.04044,0.13452,0.82496,-0.231708
2012-06-29,0.03424,0.12472,0.841,-0.266296
2012-07-02,0.093,0.16784,0.73912,-0.14974
2012-07-03,0.03048,0.18172,0.78772,-0.372464
2012-07-05,0.10852,0.15644,0.73504,-0.112332
2012-07-06,0.05896,0.19936,0.74172,-0.271844
2012-07-09,0.0886,0.1738,0.73756,-0.227616
2012-07-10,0.06908,0.15152,0.77944,-0.149972
2012-07-11,0.06652,0.20972,0.72372,-0.252868
2012-07-12,0.05936,0.12948,0.8112,-0.184524
2012-07-13,0.07504,0.19024,0.73476,-0.231116
2012-07-16,0.0634,0.1706,0.76608,-0.251808
2012-07-17,0.04612,0.1742,0.77972,-0.367048
2012-07-18,0.05548,0.20472,0.73972,-0.227828
2012-07-19,0.08428,0.12588,0.78984,-0.12152
2012-07-20,0.041,0.16844,0.79056,-0.270956
2012-07-23,0.06816,0.1934,0.73848,-0.237276
2012-07-24,0.0602,0.15988,0.77996,-0.297152
2012-07-25,0.04344,0.16392,0.79268,-0.218552
2012-07-26,0.02544,0.21912,0.7554,-0.437236
2012-07-27,0.05596,0.1254,0.81864,-0.092484
2012-07-30,0.05696,0.2044,0.7386,-0.323528
2012-07-31,0.04716,0.179,0.77392,-0.280128
2012-08-01,0.0446,0.14204,0.81332,-0.238984
2012-08-02,0.09644,0.16992,0.73372,-0.15098
2012-08-03,0.09736,0.18868,0.71392,-0.222112
2012-08-06,0.05624,0.19,0.75376,-0.284984
2012-08-07,0.06756,0.183,0.74948,-0.266064
2012-08-08,0.0476,0.21324,0.73924,-0.338416
2012-08-09,0.04668,0.16088,0.79248,-0.244548
2012-08-10,0.05048,0.15328,0.79624,-0.270328
2012-08-13,0.06168,0.15772,0.7806,-0.187916
2012-08-14,0.03776,0.21128,0.75096,-0.3316
2012-08-15,0.0476,0.1434,0.809,-0.1718
2012-08-16,0.04804,0.2034,0.74856,-0.31376
2012-08-17,0.032,0.25124,0.71676,-0.409444
2012-08-20,0.05608,0.19396,0.74988,-0.333364
2012-08-21,0.05372,0.15,0.79636,-0.265404
2012-08-22,0.03152,0.1698,0.79872,-0.337284
2012-08-23,0.05288,0.12944,0.81768,-0.13918
2012-08-24,0.04724,0.2116,0.74116,-0.331176
2012-08-27,0.02692,0.17164,0.80144,-0.3053
2012-08-28,0.06708,0.17332,0.7596,-0.258252
2012-08-29,0.06688,0.13684,0.79632,-0.086448
2012-08-30,0.0406,0.22292,0.73644,-0.374936
2012-08-31,0.07536,0.14632,0.77836,-0.181872
2012-09-04,0.0552,0.1308,0.81388,-0.210212
2012-09-05,0.03904,0.19164,0.76932,-0.33558
2012-09-06,0.04336,0.1768,0.77984,-0.308432
2012-09-07,0.0492,0.15888,0.79196,-0.233468
2012-09-10,0.06176,0.2224,0.71592,-0.226456
2012-09-11,0.0716,0.15192,0.77656,-0.17198
2012-09-12,0.04132,0.22788,0.7308,-0.416312
2012-09-13,0.0614,0.19024,0.74836,-0.285856
2012-09-14,0.04,0.20336,0.75664,-0.218244
2012-09-17,0.04124,0.22568,0.73304,-0.381264
2012-09-18,0.07764,0.17692,0.74544,-0.133516
2012-09-19,0.05008,0.16928,0.78068,-0.2202
2012-09-20,0.03192,0.18644,0.78168,-0.369352
2012-09-21,0.05636,0.25112,0.69252,-0.389452
2012-09-24,0.05188,0.22416,0.72392,-0.3246
2012-09-25,0.06276,0.13284,0.80444,-0.105024
2012-09-26,0.05908,0.20284,0.73812,-0.244528
2012-09-27,0.06092,0.17956,0.75956,-0.22608
2012-09-28,0.08604,0.11128,0.80268,-0.04842
2012-10-01,0.06908,0.20572,0.7252,-0.302336
2012-10-02,0.05748,0.1654,0.77712,-0.22056
2012-10-03,0.05008,0.2104,0.73952,-0.297168
2012-10-04,0.05128,0.15476,0.79392,-0.172488
2012-10-05,0.06784,0.12652,0.80572,-0.189888
2012-10-08,0.11816,0.1438,0.738,-0.086604
2012-10-09,0.07584,0.18996,0.73424,-0.250708
2012-10-10,0.0548,0.22524,0.71992,-0.378896
2012-10-11,0.02708,0.23564,0.73728,-0.444
2012-10-12,0.07996,0.17004,0.74996,-0.164792
2012-10-15,0.04976,0.16588,0.78444,-0.260708
2012-10-16,0.02852,0.13228,0.83924,-0.291912
2012-10-17,0.05864,0.18772,0.75356,-0.226884
2012-10-18,0.05432,0.1832,0.76248,-0.267648
2012-10-19,0.07988,0.13672,0.78344,-0.11442
2012-10-22,0.07488,0.15748,0.76752,-0.297804
2012-10-23,0.05872,0.19344,0.7478,-0.258824
2012-10-24,0.04148,0.2084,0.75008,-0.337052
2012-10-25,0.04488,0.20768,0.74748,-0.364324
2012-10-26,0.09096,0.18708,0.72196,-0.237672
2012-10-31,0.05028,0.17752,0.77224,-0.241356
2012-11-01,0.03712,0.2078,0.75512,-0.343416
2012-11-02,0.08376,0.18704,0.72916,-0.231616
2012-11-05,0.06904,0.154,0.77692,-0.201852
2012-11-06,0.06316,0.1406,0.79632,-0.138336
2012-11-07,0.075,0.10484,0.82012,-0.086372
2012-11-08,0.03296,0.13376,0.83332,-0.213296
2012-11-09,0.0638,0.222,0.71424,-0.280592
2012-11-12,0.06916,0.20928,0.72152,-0.328656
2012-11-13,0.10988,0.2242,0.66596,-0.223144
2012-11-14,0.05864,0.19404,0.74736,-0.284484
2012-11-15,0.0794,0.2356,0.68504,-0.346436
2012-11-16,0.0792,0.19776,0.72308,-0.30026
2012-11-19,0.03468,0.23932,0.726,-0.478896
2012-11-20,0.10032,0.27668,0.623,-0.279836
2012-11-21,0.03356,0.15068,0.81572,-0.307804
2012-11-23,0.03096,0.20564,0.76344,-0.353024
2012-11-26,0.06448,0.17384,0.76172,-0.334176
2012-11-27,0.0938,0.13772,0.76852,-0.242424
2012-11-28,0.04156,0.14944,0.80896,-0.247816
2012-11-29,0.0742,0.16456,0.7612,-0.245992
2012-11-30,0.032,0.11968,0.84828,-0.217608
2012-12-03,0.05072,0.16368,0.7856,-0.279892
2012-12-04,0.05892,0.1746,0.76656,-0.244512
2012-12-05,0.0446,0.2118,0.7436,-0.375756
2012-12-06,0.04552,0.24012,0.71436,-0.32536
2012-12-07,0.05552,0.22036,0.72416,-0.2758
2012-12-10,0.0232,0.20864,0.7682,-0.382408
2012-12-11,0.07096,0.21692,0.7122,-0.28518
2012-12-12,0.05652,0.11644,0.82708,-0.11476
2012-12-13,0.08556,0.16636,0.74816,-0.238048
2012-12-14,0.07588,0.1628,0.76136,-0.235292
2012-12-17,0.05924,0.23852,0.70224,-0.314
2012-12-18,0.04028,0.16084,0.79888,-0.178392
2012-12-19,0.05572,0.23488,0.70944,-0.380956
2012-12-20,0.03656,0.23724,0.72624,-0.423852
2012-12-21,0.06068,0.146,0.79332,-0.176996
2012-12-24,0.06912,0.23988,0.69104,-0.348328
2012-12-26,0.08296,0.14872,0.76832,-0.2354
2012-12-27,0.03524,0.1218,0.843,-0.199396
2012-12-28,0.06784,0.16996,0.76228,-0.25136
2012-12-31,0.05756,0.1864,0.75604,-0.305536
2013-01-02,0.03228,0.23112,0.7366,-0.353252
2013-01-03,0.04476,0.18584,0.76944,-0.261968
2013-01-04,0.05416,0.23076,0.71516,-0.36958
2013-01-07,0.1136,0.201,0.68532,-0.19436
2013-01-08,0.05976,0.19528,0.745,-0.248644
2013-01-09,0.03268,0.20988,0.75744,-0.327904
2013-01-10,0.08168,0.15688,0.76144,-0.226608
2013-01-11,0.06952,0.1632,0.76728,-0.234512
2013-01-14,0.09072,0.179,0.73036,-0.182372
2013-01-15,0.06876,0.19376,0.73764,-0.301204
2013-01-16,0.05516,0.15444,0.79044,-0.197592
2013-01-17,0.05628,0.19768,0.74604,-0.245488
2013-01-18,0.0726,0.11984,0.80752,-0.151896
2013-01-22,0.07192,0.18548,0.7426,-0.195836
2013-01-23,0.0552,0.16656,0.7782,-0.237376
2013-01-24,0.063,0.20184,0.73512,-0.313192
2013-01-25,0.05664,0.15032,0.79292,-0.220112
2013-01-28,0.09572,0.14892,0.7554,-0.14806
2013-01-29,0.07716,0.14052,0.7824,-0.1631
2013-01-30,0.05876,0.16224,0.779,-0.222648
2013-01-31,0.05772,0.09796,0.84436,-0.181232
2013-02-01,0.04764,0.14456,0.80784,-0.198836
2013-02-04,0.03572,0.09736,0.86692,-0.161776
2013-02-05,0.07448,0.19744,0.72812,-0.257712
2013-02-06,0.04072,0.17464,0.78472,-0.259416
2013-02-07,0.10456,0.12156,0.77384,-0.032196
2013-02-08,0.03204,0.21564,0.75228,-0.406832
2013-02-11,0.06764,0.13492,0.79752,-0.188648
2013-02-12,0.0552,0.1372,0.80752,-0.230144
2013-02-13,0.06328,0.16212,0.77456,-0.178936
2013-02-14,0.02856,0.2024,0.76904,-0.366468
2013-02-15,0.05688,0.12868,0.81448,-0.227936
2013-02-19,0.09132,0.13392,0.7748,-0.101792
2013-02-20,0.0322,0.16436,0.80344,-0.261804
2013-02-21,0.03864,0.17052,0.7908,-0.319416
2013-02-22,0.03456,0.1696,0.79588,-0.277764
2013-02-25,0.06628,0.16556,0.76824,-0.176932
2013-02-26,0.05424,0.19216,0.75368,-0.295088
2013-02-27,0.055,0.23348,0.7116,-0.389652
2013-02-28,0.03704,0.15308,0.80992,-0.253364
2013-03-01,0.0684,0.17104,0.76052,-0.228128
2013-03-04,0.08424,0.11688,0.79888,0.007172
2013-03-05,0.03748,0.21276,0.7498,-0.412848
2013-03-06,0.07568,0.16112,0.76316,-0.177244
2013-03-07,0.07452,0.13924,0.78616,-0.154124
2013-03-08,0.06404,0.1668,0.7692,-0.217124
2013-03-11,0.03596,0.18772,0.77628,-0.319184
2013-03-12,0.06996,0.20952,0.72052,-0.316612
2013-03-13,0.073,0.14812,0.77892,-0.201936
2013-03-14,0.07676,0.08748,0.83572,0.038984
2013-03-15,0.06284,0.15416,0.78296,-0.209652
2013-03-18,0.05724,0.227,0.71576,-0.302984
2013-03-19,0.04204,0.16704,0.79092,-0.32488
2013-03-20,0.05684,0.18588,0.75724,-0.339704
2013-03-21,0.05684,0.14796,0.7952,-0.245048
2013-03-22,0.05256,0.15148,0.796,-0.211108
2013-03-25,0.06956,0.14084,0.78956,-0.179008
2013-03-26,0.07108,0.13756,0.79136,-0.214552
2013-03-27,0.0586,0.16428,0.77704,-0.200552
2013-03-28,0.0576,0.17528,0.76716,-0.225764
2013-04-01,0.06276,0.16284,0.77432,-0.264176
2013-04-02,0.05456,0.19176,0.75364,-0.269112
2013-04-03,0.04624,0.14112,0.81256,-0.198732
2013-04-04,0.05104,0.19128,0.75764,-0.258348
2013-04-05,0.06476,0.11588,0.81936,-0.1273
2013-04-08,0.061,0.12616,0.81288,-0.172196
2013-04-09,0.04304,0.13868,0.81832,-0.250576
2013-04-10,0.11548,0.16168,0.72288,-0.11664
2013-04-11,0.0726,0.14664,0.78076,-0.145232
2013-04-12,0.07684,0.11908,0.80408,-0.081232
2013-04-15,0.0588,0.16544,0.77584,-0.188232
2013-04-16,0.04996,0.22136,0.72868,-0.30338
2013-04-17,0.04724,0.17748,0.77524,-0.239556
2013-04-18,0.0812,0.2108,0.708,-0.272208
2013-04-19,0.11052,0.1674,0.72196,-0.082804
2013-04-22,0.049,0.2066,0.74444,-0.280532
2013-04-23,0.03816,0.24632,0.71548,-0.347688
2013-04-24,0.0524,0.15144,0.7962,-0.234464
2013-04-25,0.06112,0.13536,0.8036,-0.18402
2013-04-26,0.0552,0.20728,0.73752,-0.400272
2013-04-29,0.04856,0.2226,0.72884,-0.358152
2013-04-30,0.08572,0.161,0.75336,-0.137252
2013-05-01,0.05048,0.143,0.80656,-0.185372
2013-05-02,0.0536,0.20064,0.74576,-0.35498
2013-05-03,0.05556,0.19816,0.74632,-0.283552
2013-05-06,0.106,0.19288,0.7012,-0.263292
2013-05-07,0.05816,0.17584,0.76592,-0.269332
2013-05-08,0.06856,0.167,0.76448,-0.216988
2013-05-09,0.06088,0.20016,0.73896,-0.312252
2013-05-10,0.0916,0.19156,0.71688,-0.17834
2013-05-13,0.03656,0.24116,0.72228,-0.41294
2013-05-14,0.0778,0.16544,0.7568,-0.135096
2013-05-15,0.06976,0.12396,0.80628,-0.1884
2013-05-16,0.03444,0.15584,0.80972,-0.292684
2013-05-17,0.05928,0.21448,0.72632,-0.340264
2013-05-20,0.04108,0.1,0.85896,-0.116564
2013-05-21,0.04792,0.13784,0.81424,-0.123776
2013-05-22,0.06596,0.23328,0.70076,-0.316224
2013-05-23,0.06236,0.26756,0.67004,-0.386764
2013-05-24,0.0594,0.13312,0.80756,-0.144516
2013-05-28,0.05084,0.18264,0.76644,-0.35378
2013-05-29,0.07288,0.15444,0.77264,-0.17782
2013-05-30,0.03892,0.19716,0.76392,-0.347576
2013-05-31,0.07,0.20356,0.72644,-0.204184
2013-06-03,0.04216,0.23936,0.71848,-0.423856
2013-06-04,0.08064,0.1628,0.75652,-0.120988
2013-06-05,0.05052,0.20888,0.74056,-0.28512
2013-06-06,0.08608,0.19184,0.72204,-0.246156
2013-06-07,0.08204,0.13688,0.78112,-0.122372
2013-06-10,0.09004,0.09432,0.8156,-0.03488
2013-06-11,0.06172,0.10444,0.83384,-0.060052
2013-06-12,0.0342,0.17144,0.79436,-0.290044
2013-06-13,0.0784,0.1466,0.77504,-0.101388
2013-06-14,0.05516,0.18636,0.75848,-0.217888
2013-06-17,0.0504,0.134,0.81556,-0.174196
2013-06-18,0.02916,0.16656,0.80432,-0.2784
2013-06-19,0.04908,0.16172,0.78928,-0.261164
2013-06-20,0.10056,0.18252,0.71696,-0.172244
2013-06-21,0.04328,0.1484,0.80824,-0.230208
2013-06-24,0.05484,0.21708,0.72816,-0.288688
2013-06-25,0.08296,0.15096,0.766,-0.12786
2013-06-26,0.07416,0.11964,0.80612,-0.091312
2013-06-27,0.0576,0.1274,0.815,-0.135468
2013-06-28,0.07776,0.15528,0.76688,-0.244448
2013-07-01,0.07184,0.138,0.79016,-0.029844
2013-07-02,0.0582,0.12192,0.81988,-0.219224
2013-07-03,0.05612,0.0986,0.84532,-0.130228
2013-07-05,0.08952,0.1052,0.80524,-0.045296
2013-07-08,0.08544,0.15376,0.7608,-0.161212
2013-07-09,0.08176,0.10608,0.81216,-0.11882
2013-07-10,0.04804,0.1998,0.75216,-0.345344
2013-07-11,0.05704,0.17356,0.7694,-0.217572
2013-07-12,0.1198,0.102,0.77824,0.012492
2013-07-15,0.10268,0.12252,0.77484,-0.047592
2013-07-16,0.04288,0.14288,0.81424,-0.16832
2013-07-17,0.06928,0.18908,0.74164,-0.318584
2013-07-18,0.0566,0.23176,0.71172,-0.374532
2013-07-19,0.05032,0.19932,0.75036,-0.29162
2013-07-22,0.05412,0.18608,0.75988,-0.320004
2013-07-23,0.04788,0.1774,0.77472,-0.293644
2013-07-24,0.0504,0.20212,0.74752,-0.415696
2013-07-25,0.06824,0.16064,0.77116,-0.23768
2013-07-26,0.04864,0.19348,0.75788,-0.22364
2013-07-29,0.06228,0.17936,0.75832,-0.332908
2013-07-30,0.07216,0.20912,0.71868,-0.343252
2013-07-31,0.10188,0.14488,0.75332,-0.146404
2013-08-01,0.0674,0.19036,0.7422,-0.243608
2013-08-02,0.06812,0.14452,0.78732,-0.14946
2013-08-05,0.06428,0.16452,0.7712,-0.267132
2013-08-06,0.0664,0.12232,0.81128,-0.127448
2013-08-07,0.04416,0.16768,0.78812,-0.241696
2013-08-08,0.05672,0.13356,0.80972,-0.183968
2013-08-09,0.06816,0.12984,0.802,-0.188856
2013-08-12,0.07768,0.15968,0.76256,-0.184116
2013-08-13,0.05364,0.17116,0.77524,-0.30108
2013-08-14,0.06048,0.17308,0.76644,-0.21764
2013-08-15,0.04396,0.1872,0.76896,-0.360752
2013-08-16,0.07616,0.14656,0.77728,-0.143876
2013-08-19,0.0372,0.18944,0.77344,-0.32108
2013-08-20,0.02548,0.16608,0.80852,-0.358624
2013-08-21,0.04932,0.21784,0.73284,-0.38162
2013-08-22,0.07712,0.18004,0.74284,-0.329504
2013-08-23,0.04512,0.21556,0.73924,-0.368476
2013-08-26,0.08252,0.16408,0.75344,-0.268784
2013-08-27,0.05216,0.16548,0.7824,-0.178968
2013-08-28,0.0894,0.15248,0.75824,-0.0951
2013-08-29,0.05808,0.13856,0.80328,-0.276376
2013-08-30,0.06928,0.17548,0.75528,-0.186048
2013-09-03,0.0928,0.14232,0.76492,-0.108324
2013-09-04,0.0512,0.13764,0.81116,-0.186092
2013-09-05,0.07068,0.21256,0.71672,-0.2304
2013-09-06,0.053,0.17556,0.77152,-0.171752
2013-09-09,0.05408,0.19124,0.75464,-0.273464
2013-09-10,0.09776,0.20588,0.69636,-0.258176
2013-09-11,0.08384,0.13316,0.78304,-0.117788
2013-09-12,0.05424,0.11384,0.83192,-0.0839
2013-09-13,0.05092,0.23208,0.717,-0.415804
2013-09-16,0.05912,0.13392,0.80708,-0.122656
2013-09-17,0.03964,0.19544,0.765,-0.37886
2013-09-18,0.08576,0.13312,0.78112,-0.1165
2013-09-19,0.04968,0.16424,0.786,-0.241596
2013-09-20,0.04072,0.16612,0.79312,-0.262568
2013-09-23,0.05784,0.23712,0.705,-0.433036
2013-09-24,0.02792,0.1686,0.80348,-0.35454
2013-09-25,0.06544,0.15348,0.78104,-0.204404
2013-09-26,0.10324,0.12868,0.76804,-0.118208
2013-09-27,0.08232,0.12092,0.79672,-0.080388
2013-09-30,0.03988,0.17832,0.7818,-0.322052
2013-10-01,0.07548,0.15172,0.77284,-0.187328
2013-10-02,0.02612,0.2164,0.75744,-0.363604
2013-10-03,0.06236,0.18336,0.75428,-0.203144
2013-10-04,0.05888,0.1956,0.74548,-0.24804
2013-10-07,0.0996,0.14776,0.75268,-0.184828
2013-10-08,0.11476,0.10984,0.77544,0.038504
2013-10-09,0.06328,0.13076,0.806,-0.213068
2013-10-10,0.09544,0.11848,0.78608,-0.048616
2013-10-11,0.08308,0.13628,0.78076,-0.179456
2013-10-14,0.12376,0.15416,0.722,-0.044292
2013-10-15,0.07284,0.10224,0.82496,0.00784
2013-10-16,0.07884,0.15696,0.7642,-0.17252
2013-10-17,0.04708,0.14096,0.81192,-0.239328
2013-10-18,0.04076,0.25708,0.7022,-0.463564
2013-10-21,0.06512,0.12476,0.81012,-0.207388
2013-10-22,0.06424,0.17644,0.75936,-0.245084
2013-10-23,0.04908,0.14832,0.80264,-0.193272
2013-10-24,0.06788,0.1432,0.78892,-0.157348
2013-10-25,0.05912,0.12824,0.81264,-0.12384
2013-10-28,0.05364,0.16192,0.78448,-0.225768
2013-10-29,0.0616,0.18056,0.7578,-0.24174
2013-10-30,0.04596,0.11528,0.83876,-0.145436
2013-10-31,0.06564,0.12304,0.81136,-0.254128
2013-11-01,0.06644,0.10612,0.82736,-0.081352
2013-11-04,0.0412,0.22176,0.73708,-0.380348
2013-11-05,0.04896,0.21796,0.7332,-0.318136
2013-11-06,0.04124,0.15144,0.80736,-0.283256
2013-11-07,0.056,0.15708,0.78696,-0.271608
2013-11-08,0.07456,0.14552,0.77996,-0.053728
2013-11-11,0.07752,0.16732,0.7552,-0.155792
2013-11-12,0.07252,0.16076,0.76672,-0.23882
2013-11-13,0.06656,0.17152,0.76188,-0.301864
2013-11-14,0.04992,0.24788,0.70228,-0.390304
2013-11-15,0.05768,0.12072,0.8216,-0.109132
2013-11-18,0.05988,0.19088,0.7492,-0.212044
2013-11-19,0.05296,0.16048,0.78664,-0.260748
2013-11-20,0.10236,0.10248,0.79516,-0.030604
2013-11-21,0.07636,0.1504,0.77336,-0.164492
2013-11-22,0.11332,0.15496,0.73176,-0.163152
2013-11-25,0.09524,0.15208,0.75272,-0.14672
2013-11-26,0.06008,0.14272,0.79716,-0.21328
2013-11-27,0.08852,0.17444,0.737,-0.288332
2013-11-29,0.05148,0.15952,0.78896,-0.247336
2013-12-02,0.05752,0.1812,0.76132,-0.34166
2013-12-03,0.07208,0.15984,0.76804,-0.191184
2013-12-04,0.07992,0.16928,0.75068,-0.222404
2013-12-05,0.06752,0.1886,0.7438,-0.224588
2013-12-06,0.0596,0.17808,0.76232,-0.19334
2013-12-09,0.03552,0.12808,0.8364,-0.200872
2013-12-10,0.05916,0.11068,0.83016,-0.116352
2013-12-11,0.0864,0.11736,0.79632,-0.060412
2013-12-12,0.04156,0.1764,0.78208,-0.297808
2013-12-13,0.04132,0.19276,0.76596,-0.322992
2013-12-16,0.05456,0.19028,0.75528,-0.263172
2013-12-17,0.10092,0.16096,0.73824,-0.14248
2013-12-18,0.06696,0.13092,0.80212,-0.208608
2013-12-19,0.08352,0.11044,0.806,-0.100168
2013-12-20,0.05936,0.21624,0.72436,-0.35926
2013-12-23,0.0644,0.21356,0.72204,-0.35396
2013-12-24,0.0882,0.13824,0.77356,-0.240244
2013-12-26,0.04524,0.20392,0.75088,-0.275208
2013-12-27,0.04996,0.24648,0.70356,-0.361288
2013-12-30,0.0474,0.16884,0.78388,-0.26314
2013-12-31,0.06664,0.1136,0.81972,-0.092216
2014-01-02,0.1246,0.13452,0.74088,-0.067016
2014-01-03,0.08668,0.14716,0.76616,-0.157464
2014-01-06,0.04008,0.20468,0.7552,-0.335028
2014-01-07,0.03764,0.1718,0.79064,-0.2834
2014-01-08,0.06704,0.16136,0.77156,-0.253648
2014-01-09,0.05496,0.15412,0.79092,-0.22956
2014-01-10,0.08984,0.17484,0.73532,-0.232484
2014-01-13,0.05544,0.20108,0.74352,-0.354104
2014-01-14,0.07116,0.15148,0.77732,-0.15428
2014-01-15,0.02832,0.16744,0.8042,-0.276332
2014-01-16,0.0766,0.11404,0.80936,-0.143968
2014-01-17,0.0642,0.14384,0.79192,-0.17036
2014-01-21,0.03772,0.16136,0.80088,-0.289
2014-01-22,0.06008,0.20428,0.73568,-0.295696
2014-01-23,0.0378,0.18248,0.77972,-0.26976
2014-01-24,0.0562,0.17564,0.7682,-0.170632
2014-01-27,0.06116,0.22416,0.71472,-0.406044
2014-01-28,0.08524,0.16152,0.75324,-0.131764
2014-01-29,0.07556,0.14032,0.7842,-0.18092
2014-01-30,0.03368,0.16552,0.80084,-0.353588
2014-01-31,0.0478,0.175,0.77716,-0.2177
2014-02-03,0.04892,0.17072,0.78036,-0.3129
2014-02-04,0.08964,0.1414,0.769,-0.125388
2014-02-05,0.06748,0.17416,0.75832,-0.281196
2014-02-06,0.11728,0.17736,0.70524,-0.112976
2014-02-07,0.08868,0.13048,0.78088,-0.091244
2014-02-10,0.10284,0.11836,0.7788,-0.099188
2014-02-11,0.07576,0.17776,0.7464,-0.199476
2014-02-12,0.09284,0.16404,0.74304,-0.120516
2014-02-13,0.04084,0.17788,0.78124,-0.1956
2014-02-14,0.09852,0.139,0.76252,-0.028048
2014-02-18,0.06692,0.20876,0.72432,-0.332356
2014-02-19,0.03452,0.20664,0.7588,-0.28652
2014-02-20,0.02916,0.14052,0.83028,-0.244108
2014-02-21,0.07692,0.16812,0.75508,-0.276264
2014-02-24,0.042,0.15444,0.8036,-0.16172
2014-02-25,0.039,0.1708,0.7902,-0.240108
2014-02-26,0.07568,0.116,0.80832,-0.199664
2014-02-27,0.06204,0.0668,0.87124,-0.046644
2014-02-28,0.02176,0.0792,0.89908,-0.158804
2014-03-03,0.08252,0.1186,0.79888,-0.105976
2014-03-04,0.04704,0.10852,0.84444,-0.195604
2014-03-05,0.10012,0.13084,0.76896,-0.06912
2014-03-06,0.07716,0.1658,0.75704,-0.217808
2014-03-07,0.0522,0.18452,0.76328,-0.292528
2014-03-10,0.03532,0.18304,0.78164,-0.326604
2014-03-11,0.03144,0.1944,0.7742,-0.270292
2014-03-12,0.0508,0.13328,0.81596,-0.183592
2014-03-13,0.04928,0.07408,0.87664,-0.052072
2014-03-14,0.06348,0.10604,0.83052,-0.049124
2014-03-17,0.04228,0.16852,0.7892,-0.237064
2014-03-18,0.07172,0.13944,0.7888,-0.050188
2014-03-19,0.05044,0.14264,0.80696,-0.263504
2014-03-20,0.05052,0.1312,0.81824,-0.127096
2014-03-21,0.06504,0.10384,0.8312,-0.117212
2014-03-24,0.04028,0.12996,0.82968,-0.162448
2014-03-25,0.05968,0.1746,0.76572,-0.259928
2014-03-26,0.05888,0.15788,0.78332,-0.261528
2014-03-27,0.04816,0.18744,0.7644,-0.209652
2014-03-28,0.04328,0.13972,0.81708,-0.20002
2014-03-31,0.06948,0.11828,0.81224,-0.116736
2014-04-01,0.0384,0.20164,0.76004,-0.255976
2014-04-02,0.0336,0.14288,0.82356,-0.285436
2014-04-03,0.0354,0.1166,0.84796,-0.19052
2014-04-04,0.03596,0.13952,0.82452,-0.23188
2014-04-07,0.07036,0.1472,0.78248,-0.1923
2014-04-08,0.06024,0.16176,0.77812,-0.18244
2014-04-09,0.05168,0.11472,0.83368,-0.184428
2014-04-10,0.05236,0.1834,0.76424,-0.27488
2014-04-11,0.062,0.13688,0.80108,-0.202724
2014-04-14,0.0626,0.1192,0.81808,-0.08474
2014-04-15,0.07568,0.13588,0.78828,-0.16784
2014-04-16,0.05164,0.18152,0.76684,-0.219652
2014-04-17,0.07892,0.10252,0.81852,-0.061836
2014-04-21,0.05192,0.17024,0.77784,-0.290348
2014-04-22,0.05548,0.13852,0.80592,-0.182244
2014-04-23,0.04128,0.13216,0.82656,-0.161412
2014-04-24,0.04512,0.15964,0.79528,-0.228092
2014-04-25,0.02348,0.16056,0.81592,-0.286016
2014-04-28,0.05144,0.12632,0.82232,-0.121304
2014-04-29,0.0588,0.15448,0.78672,-0.155312
2014-04-30,0.063,0.14816,0.7888,-0.219856
2014-05-01,0.0608,0.17984,0.75936,-0.25118
2014-05-02,0.10104,0.18876,0.71016,-0.151156
2014-05-05,0.02848,0.11948,0.85204,-0.171888
2014-05-06,0.04276,0.19364,0.7636,-0.318412
2014-05-07,0.07224,0.17068,0.75708,-0.27214
2014-05-08,0.06504,0.1304,0.80464,-0.165124
2014-05-09,0.04236,0.12192,0.83568,-0.17096
2014-05-12,0.0588,0.163,0.77824,-0.198956
2014-05-13,0.07748,0.13864,0.78384,-0.181036
2014-05-14,0.03336,0.23312,0.73356,-0.338348
2014-05-15,0.03788,0.1412,0.82088,-0.175024
2014-05-16,0.04752,0.15464,0.79784,-0.289088
2014-05-19,0.07808,0.13692,0.78492,-0.137084
2014-05-20,0.08252,0.13336,0.78416,-0.101948
2014-05-21,0.0766,0.18936,0.73408,-0.279152
2014-05-22,0.09656,0.20264,0.70088,-0.233708
2014-05-23,0.04412,0.153,0.80292,-0.231004
2014-05-27,0.08448,0.16832,0.74716,-0.208532
2014-05-28,0.04488,0.1426,0.81248,-0.203676
2014-05-29,0.05596,0.19224,0.75176,-0.234556
2014-05-30,0.03664,0.18128,0.78208,-0.242944
2014-06-02,0.05836,0.17452,0.76712,-0.212444
2014-06-03,0.06288,0.11208,0.82516,-0.088548
2014-06-04,0.05284,0.10548,0.84168,-0.06072
2014-06-05,0.04196,0.13176,0.82624,-0.180956
2014-06-06,0.07884,0.11708,0.8042,-0.114148
2014-06-09,0.0522,0.15332,0.79448,-0.233504
2014-06-10,0.047,0.10032,0.85268,-0.11888
2014-06-11,0.05536,0.10968,0.83504,-0.111068
2014-06-12,0.06288,0.16316,0.774,-0.276988
2014-06-13,0.05744,0.1094,0.83316,-0.168208
2014-06-16,0.0644,0.12392,0.81168,-0.065092
2014-06-17,0.07644,0.13772,0.78584,-0.121368
2014-06-18,0.09816,0.18948,0.7124,-0.20382
2014-06-19,0.07836,0.11776,0.80376,-0.159936
2014-06-20,0.063,0.14028,0.79684,-0.121764
2014-06-23,0.034,0.19412,0.77188,-0.293868
2014-06-24,0.07536,0.1994,0.7252,-0.282456
2014-06-25,0.07232,0.18172,0.746,-0.22154
2014-06-26,0.066,0.1276,0.8064,-0.142192
2014-06-27,0.04196,0.15336,0.80468,-0.261832
2014-06-30,0.05304,0.17928,0.76772,-0.327948
2014-07-01,0.05856,0.15584,0.78568,-0.210292
2014-07-02,0.04088,0.20892,0.75024,-0.35156
2014-07-03,0.08508,0.13644,0.77852,-0.089256
2014-07-07,0.088,0.15324,0.75872,-0.180532
2014-07-08,0.06788,0.14612,0.78604,-0.156048
2014-07-09,0.01988,0.15044,0.82968,-0.293552
2014-07-10,0.06544,0.12684,0.80764,-0.103556
2014-07-11,0.05512,0.1912,0.75372,-0.227412
2014-07-14,0.05528,0.15852,0.78624,-0.164244
2014-07-15,0.04768,0.12932,0.823,-0.168256
2014-07-16,0.04624,0.16336,0.7904,-0.269492
2014-07-17,0.04728,0.14104,0.81164,-0.182704
2014-07-18,0.04696,0.19168,0.76136,-0.288556
2014-07-21,0.01188,0.22136,0.7668,-0.446864
2014-07-22,0.07892,0.14124,0.77988,-0.15972
2014-07-23,0.02612,0.27052,0.7034,-0.455472
2014-07-24,0.02512,0.19556,0.77932,-0.404616
2014-07-25,0.05696,0.18764,0.75532,-0.264432
2014-07-28,0.04944,0.14124,0.80932,-0.152108
2014-07-29,0.07948,0.14652,0.77408,-0.0886
2014-07-30,0.06096,0.16408,0.77496,-0.185504
2014-07-31,0.02812,0.17804,0.79384,-0.33914
2014-08-01,0.02972,0.18764,0.78264,-0.338184
2014-08-04,0.04664,0.14676,0.8066,-0.2697
2014-08-05,0.07012,0.145,0.78496,-0.193416
2014-08-06,0.02676,0.19852,0.77464,-0.371356
2014-08-07,0.04676,0.15276,0.80052,-0.256156
2014-08-08,0.03304,0.16996,0.79692,-0.211264
2014-08-11,0.03916,0.16948,0.79128,-0.334692
2014-08-12,0.05836,0.14332,0.7984,-0.194856
2014-08-13,0.09684,0.1236,0.77952,-0.089712
2014-08-14,0.053,0.1426,0.8044,-0.150004
2014-08-15,0.0406,0.1026,0.85688,-0.219444
2014-08-18,0.06032,0.13324,0.8064,-0.128188
2014-08-19,0.03484,0.1464,0.8188,-0.270224
2014-08-20,0.03928,0.1152,0.84552,-0.151972
2014-08-21,0.06648,0.20524,0.72828,-0.341664
2014-08-22,0.0408,0.17744,0.7818,-0.321724
2014-08-25,0.02088,0.13624,0.84292,-0.202724
2014-08-26,0.07656,0.17268,0.7508,-0.212752
2014-08-27,0.0488,0.20104,0.7502,-0.300152
2014-08-28,0.04552,0.1806,0.77392,-0.367796
2014-08-29,0.037,0.16116,0.80184,-0.28372
2014-09-02,0.07044,0.17016,0.7594,-0.219668
2014-09-03,0.05524,0.19132,0.75344,-0.241008
2014-09-04,0.0474,0.13288,0.81972,-0.194072
2014-09-05,0.05636,0.1616,0.78196,-0.222316
2014-09-08,0.05448,0.1704,0.77512,-0.25844
2014-09-09,0.03892,0.1502,0.81092,-0.226484
2014-09-10,0.09984,0.13028,0.76988,-0.035608
2014-09-11,0.09308,0.15404,0.75292,-0.11074
2014-09-12,0.0632,0.1704,0.76644,-0.139104
2014-09-15,0.05192,0.13828,0.80976,-0.122708
2014-09-16,0.06684,0.1266,0.80656,-0.085852
2014-09-17,0.06504,0.1376,0.79736,-0.20344
2014-09-18,0.05932,0.1228,0.81792,-0.194136
2014-09-19,0.06332,0.11316,0.8236,-0.063328
2014-09-22,0.09172,0.14772,0.76064,-0.081044
2014-09-23,0.06504,0.12836,0.80664,-0.134048
2014-09-24,0.09676,0.13948,0.76376,-0.049508
2014-09-25,0.0802,0.15512,0.76464,-0.120508
2014-09-26,0.0642,0.12648,0.80936,-0.124348
2014-09-29,0.02456,0.22356,0.75192,-0.301244
2014-09-30,0.05144,0.11984,0.82876,-0.19412
2014-10-01,0.03128,0.0978,0.87096,-0.141084
2014-10-02,0.0748,0.12196,0.80328,-0.158708
2014-10-03,0.05244,0.16364,0.78392,-0.222528
2014-10-06,0.06556,0.14768,0.78672,-0.161632
2014-10-07,0.06456,0.14676,0.78876,-0.214392
2014-10-08,0.06432,0.1476,0.78812,-0.199156
2014-10-09,0.08356,0.11804,0.7984,-0.165296
2014-10-10,0.0408,0.19196,0.7672,-0.275752
2014-10-13,0.051,0.12716,0.82184,-0.142884
2014-10-14,0.05876,0.2218,0.71944,-0.329716
2014-10-15,0.08224,0.17028,0.74748,-0.22892
2014-10-16,0.08308,0.1198,0.79712,-0.057984
2014-10-17,0.07616,0.127,0.79692,-0.191252
2014-10-20,0.07392,0.14592,0.78016,-0.148608
2014-10-21,0.085,0.16708,0.74796,-0.166604
2014-10-22,0.10932,0.13608,0.75464,-0.049864
2014-10-23,0.07724,0.20732,0.71544,-0.237916
2014-10-24,0.03928,0.17968,0.781,-0.30474
2014-10-27,0.0398,0.17792,0.78236,-0.249868
2014-10-28,0.09,0.14424,0.76576,-0.121272
2014-10-29,0.12488,0.06688,0.8082,0.103188
2014-10-30,0.0594,0.0864,0.85416,-0.076472
2014-10-31,0.04724,0.12652,0.82624,-0.186868
2014-11-03,0.04376,0.08828,0.86796,-0.043856
2014-11-04,0.04508,0.14148,0.81344,-0.211292
2014-11-05,0.08216,0.16708,0.75072,-0.17228
2014-11-06,0.07396,0.181,0.745,-0.225976
2014-11-07,0.05184,0.121,0.82716,-0.19892
2014-11-10,0.0596,0.15952,0.78084,-0.222172
2014-11-11,0.06032,0.10704,0.83264,-0.123068
2014-11-12,0.05824,0.18072,0.761,-0.276788
2014-11-13,0.07812,0.115,0.80692,-0.11962
2014-11-14,0.07332,0.15664,0.77004,-0.23674
2014-11-17,0.05556,0.18652,0.75788,-0.196696
2014-11-18,0.07076,0.17036,0.75884,-0.23824
2014-11-19,0.0558,0.13628,0.80796,-0.180688
2014-11-20,0.03304,0.20824,0.7588,-0.39874
2014-11-21,0.05832,0.17736,0.76436,-0.19456
2014-11-24,0.05868,0.1568,0.7846,-0.150112
2014-11-25,0.1026,0.212,0.6854,-0.226652
2014-11-26,0.05668,0.20644,0.73688,-0.23978
2014-11-28,0.07844,0.18236,0.73924,-0.240232
2014-12-01,0.04772,0.20304,0.74928,-0.269436
2014-12-02,0.08352,0.09644,0.82008,0.000748
2014-12-03,0.04088,0.15592,0.80328,-0.299768
2014-12-04,0.02568,0.18816,0.7862,-0.375052
2014-12-05,0.0502,0.16824,0.78152,-0.239948
2014-12-08,0.06836,0.15928,0.77236,-0.227204
2014-12-09,0.0602,0.19316,0.7466,-0.226112
2014-12-10,0.05264,0.22688,0.72044,-0.359436
2014-12-11,0.0682,0.12452,0.8072,-0.127948
2014-12-12,0.09088,0.16396,0.7452,-0.099756
2014-12-15,0.0814,0.14292,0.77564,-0.175616
2014-12-16,0.04528,0.20096,0.75376,-0.363088
2014-12-17,0.02684,0.22944,0.74364,-0.395444
2014-12-18,0.06392,0.18392,0.75224,-0.299156
2014-12-19,0.08324,0.15732,0.75948,-0.209996
2014-12-22,0.06764,0.12496,0.8074,-0.088704
2014-12-23,0.07648,0.21504,0.70848,-0.232696
2014-12-24,0.02744,0.1588,0.81376,-0.21538
2014-12-26,0.07088,0.20748,0.7216,-0.271272
2014-12-29,0.04348,0.18112,0.77544,-0.26878
2014-12-30,0.04552,0.145,0.80952,-0.230868
2014-12-31,0.02372,0.17088,0.8054,-0.251636
2015-01-02,0.07924,0.14476,0.776,-0.269852
2015-01-05,0.0488,0.16884,0.78228,-0.229996
2015-01-06,0.05024,0.13184,0.81792,-0.184592
2015-01-07,0.0644,0.1784,0.75716,-0.218148
2015-01-08,0.04132,0.23336,0.72528,-0.454572
2015-01-09,0.06112,0.18604,0.753,-0.351844
2015-01-12,0.06656,0.1806,0.75284,-0.273492
2015-01-13,0.06544,0.21296,0.72156,-0.29464
2015-01-14,0.03904,0.20128,0.75972,-0.400888
2015-01-15,0.08604,0.10996,0.80392,-0.056304
2015-01-16,0.07228,0.21636,0.7114,-0.299644
2015-01-20,0.071,0.14304,0.78592,-0.151324
2015-01-21,0.06764,0.17404,0.7582,-0.248748
2015-01-22,0.04312,0.20948,0.74744,-0.397468
2015-01-23,0.06852,0.20344,0.728,-0.258188
2015-01-26,0.07972,0.17948,0.74084,-0.213732
2015-01-27,0.08776,0.19888,0.71336,-0.251192
2015-01-28,0.0414,0.18824,0.77036,-0.226036
2015-01-29,0.04208,0.2238,0.73416,-0.346796
2015-01-30,0.03156,0.12372,0.84476,-0.172896
2015-02-02,0.05456,0.14944,0.79604,-0.300052
2015-02-03,0.04268,0.11852,0.83884,-0.145692
2015-02-04,0.04672,0.22328,0.73004,-0.39622
2015-02-05,0.09132,0.12492,0.7838,-0.049556
2015-02-06,0.08136,0.13072,0.78792,-0.15486
2015-02-09,0.07552,0.18868,0.7358,-0.215884
2015-02-10,0.10044,0.16456,0.73496,-0.188784
2015-02-11,0.02944,0.1218,0.84876,-0.246248
2015-02-12,0.0518,0.12492,0.82324,-0.162832
2015-02-13,0.03,0.22028,0.74972,-0.361696
2015-02-17,0.04132,0.2092,0.74944,-0.329308
2015-02-18,0.03716,0.19692,0.76584,-0.366664
2015-02-19,0.10204,0.14012,0.75784,-0.062048
2015-02-20,0.03988,0.17596,0.78416,-0.278936
2015-02-23,0.07528,0.12904,0.79568,-0.094836
2015-02-24,0.06,0.14044,0.7996,-0.182324
2015-02-25,0.0638,0.1392,0.79692,-0.232896
2015-02-26,0.0338,0.19536,0.77088,-0.320816
2015-02-27,0.0494,0.1232,0.8274,-0.094968
2015-03-02,0.0802,0.18064,0.73924,-0.219548
2015-03-03,0.09176,0.08972,0.81852,-0.0397
2015-03-04,0.04348,0.15768,0.79888,-0.25594
2015-03-05,0.08008,0.17992,0.74004,-0.257984
2015-03-06,0.03236,0.2184,0.74928,-0.397456
2015-03-09,0.0456,0.20184,0.75256,-0.334788
2015-03-10,0.0752,0.1816,0.74324,-0.123824
2015-03-11,0.08448,0.15512,0.76032,-0.145612
2015-03-12,0.08396,0.1498,0.7662,-0.133736
2015-03-13,0.09636,0.1352,0.7684,-0.118712
2015-03-16,0.04256,0.1678,0.78956,-0.230096
2015-03-17,0.0666,0.07004,0.8634,-0.006808
2015-03-18,0.0756,0.14852,0.77592,-0.075948
2015-03-19,0.09324,0.10916,0.79768,-0.00512
2015-03-20,0.05264,0.15724,0.79012,-0.249588
2015-03-23,0.03388,0.13332,0.8328,-0.21078
2015-03-24,0.10584,0.09584,0.7984,-0.00836
2015-03-25,0.08076,0.12416,0.79512,-0.128652
2015-03-26,0.04856,0.15564,0.79576,-0.182236
2015-03-27,0.08848,0.12648,0.78492,-0.104032
2015-03-30,0.06216,0.21228,0.72564,-0.343932
2015-03-31,0.04928,0.13796,0.8128,-0.198568
2015-04-01,0.10204,0.1714,0.72664,-0.128208
2015-04-02,0.05332,0.16208,0.7846,-0.3137
2015-04-06,0.0726,0.11916,0.80828,-0.137672
2015-04-07,0.07452,0.18604,0.73944,-0.26326
2015-04-08,0.04344,0.15484,0.80164,-0.225608
2015-04-09,0.06668,0.12484,0.80844,-0.146512
2015-04-10,0.0476,0.11156,0.84084,-0.15848
2015-04-13,0.0468,0.12008,0.83312,-0.199028
2015-04-14,0.0844,0.15312,0.76252,-0.134608
2015-04-15,0.06104,0.14748,0.79148,-0.174068
2015-04-16,0.06192,0.09924,0.83896,-0.144932
2015-04-17,0.05224,0.10856,0.8392,-0.135692
2015-04-20,0.0798,0.13492,0.7852,-0.221132
2015-04-21,0.04984,0.11676,0.83344,-0.170964
2015-04-22,0.0628,0.10956,0.8276,-0.094312
2015-04-23,0.05612,0.12632,0.8176,-0.189
2015-04-24,0.06352,0.1266,0.80988,-0.14556
2015-04-27,0.09344,0.1648,0.7418,-0.191824
2015-04-28,0.06436,0.13504,0.80048,-0.16506
2015-04-29,0.1076,0.15336,0.73916,-0.071312
2015-04-30,0.054,0.15176,0.79428,-0.172732
2015-05-01,0.01956,0.14832,0.83216,-0.291364
2015-05-04,0.03,0.16692,0.80312,-0.345176
2015-05-05,0.08156,0.20768,0.71084,-0.228584
2015-05-06,0.06532,0.1526,0.78204,-0.130812
2015-05-07,0.04416,0.1136,0.84224,-0.157496
2015-05-08,0.07344,0.12884,0.79772,-0.07566
2015-05-11,0.07072,0.1462,0.783,-0.150428
2015-05-12,0.07964,0.14572,0.77464,-0.152544
2015-05-13,0.0606,0.1188,0.82064,-0.182776
2015-05-14,0.04968,0.17724,0.77312,-0.263312
2015-05-15,0.0248,0.18284,0.79232,-0.36822
2015-05-18,0.04784,0.19688,0.75532,-0.318676
2015-05-19,0.05932,0.15244,0.7882,-0.272112
2015-05-20,0.05428,0.159,0.78676,-0.23636
2015-05-21,0.0884,0.11024,0.80136,-0.06978
2015-05-22,0.07636,0.10976,0.81384,-0.03846
2015-05-26,0.0658,0.15172,0.78248,-0.234296
2015-05-27,0.0874,0.18816,0.7244,-0.251372
2015-05-28,0.05168,0.13896,0.8094,-0.190748
2015-05-29,0.08648,0.1292,0.78428,-0.104648
2015-06-01,0.03652,0.17488,0.7886,-0.33864
2015-06-02,0.09476,0.11936,0.78588,-0.05768
2015-06-03,0.08608,0.1374,0.7766,-0.147664
2015-06-04,0.07272,0.11264,0.81452,-0.063072
2015-06-05,0.06772,0.0904,0.84188,-0.04708
2015-06-08,0.07036,0.09296,0.83664,-0.02904
2015-06-09,0.06976,0.11456,0.81572,-0.153848
2015-06-10,0.052,0.13848,0.80956,-0.18466
2015-06-11,0.08116,0.10632,0.81248,-0.1
2015-06-12,0.09008,0.12648,0.78352,-0.151988
2015-06-15,0.08548,0.1244,0.79024,-0.140228
2015-06-16,0.07292,0.17112,0.75596,-0.18136
2015-06-17,0.04728,0.14092,0.8118,-0.246148
2015-06-18,0.09688,0.10668,0.79644,-0.08752
2015-06-19,0.04564,0.19332,0.76108,-0.288564
2015-06-22,0.09088,0.132,0.77716,-0.12846
2015-06-23,0.08556,0.16048,0.754,-0.155816
2015-06-24,0.07856,0.08336,0.83812,-0.071036
2015-06-25,0.06252,0.13952,0.79792,-0.17582
2015-06-26,0.05448,0.15152,0.79396,-0.18536
2015-06-29,0.07972,0.11492,0.80536,-0.131476
2015-06-30,0.0736,0.10632,0.82012,-0.115676
2015-07-01,0.0466,0.15848,0.79492,-0.230276
2015-07-02,0.07428,0.15528,0.7704,-0.192316
2015-07-06,0.03816,0.18192,0.77992,-0.274504
2015-07-07,0.05424,0.19964,0.74616,-0.307304
2015-07-08,0.06352,0.11804,0.8186,-0.088744
2015-07-09,0.06016,0.18088,0.759,-0.292284
2015-07-10,0.09336,0.15264,0.75404,-0.092472
2015-07-13,0.06492,0.16248,0.7726,-0.188784
2015-07-14,0.08608,0.13956,0.77436,-0.098308
2015-07-15,0.05264,0.10012,0.84732,-0.1278
2015-07-16,0.10916,0.1264,0.7644,0.020584
2015-07-17,0.06412,0.16424,0.77156,-0.265176
2015-07-20,0.08772,0.1566,0.75568,-0.15484
2015-07-21,0.07648,0.14128,0.78224,-0.13342
2015-07-22,0.04708,0.14016,0.81268,-0.20058
2015-07-23,0.04528,0.12424,0.83048,-0.184056
2015-07-24,0.06408,0.11076,0.82516,-0.136168
2015-07-27,0.02192,0.16212,0.81604,-0.342804
2015-07-28,0.04712,0.15332,0.79956,-0.242412
2015-07-29,0.055,0.13624,0.80876,-0.22156
2015-07-30,0.0646,0.13728,0.79812,-0.194848
2015-07-31,0.07884,0.14336,0.77784,-0.160748
2015-08-03,0.05892,0.18956,0.75152,-0.32448
2015-08-04,0.06444,0.17064,0.76488,-0.219336
2015-08-05,0.06852,0.15248,0.77896,-0.260704
2015-08-06,0.08324,0.13844,0.7784,-0.176516
2015-08-07,0.0434,0.18348,0.77308,-0.369424
2015-08-10,0.09864,0.16356,0.7378,-0.123956
2015-08-11,0.06556,0.14636,0.78804,-0.207252
2015-08-12,0.0598,0.10684,0.83336,-0.176748
2015-08-13,0.05816,0.09332,0.84852,-0.07068
2015-08-14,0.0488,0.11816,0.83296,-0.18972
2015-08-17,0.06276,0.1874,0.7498,-0.25758
2015-08-18,0.05,0.10488,0.84508,-0.16716
2015-08-19,0.0864,0.1386,0.77496,-0.042244
2015-08-20,0.05348,0.13464,0.8118,-0.190724
2015-08-21,0.07788,0.14104,0.78116,-0.119524
2015-08-24,0.05668,0.16812,0.77524,-0.229152
2015-08-25,0.06372,0.14784,0.78848,-0.118084
2015-08-26,0.05608,0.1242,0.81964,-0.1684
2015-08-27,0.03828,0.1542,0.80756,-0.275916
2015-08-28,0.02728,0.15668,0.81608,-0.294788
2015-08-31,0.08196,0.17052,0.74744,-0.23182
2015-09-01,0.08352,0.16756,0.74896,-0.155216
2015-09-02,0.05148,0.1654,0.78308,-0.285516
2015-09-03,0.04428,0.12576,0.82992,-0.124788
2015-09-04,0.06772,0.14224,0.79,-0.22534
2015-09-08,0.05404,0.15012,0.79584,-0.228032
2015-09-09,0.09044,0.1028,0.8068,-0.06108
2015-09-10,0.0876,0.14064,0.7718,-0.157368
2015-09-11,0.09692,0.16436,0.73864,-0.093084
2015-09-14,0.10536,0.15348,0.7412,-0.130628
2015-09-15,0.046,0.14304,0.81092,-0.195136
2015-09-16,0.082,0.20224,0.71584,-0.167288
2015-09-17,0.08304,0.13292,0.78408,-0.12546
2015-09-18,0.09916,0.11196,0.78884,-0.051544
2015-09-21,0.08692,0.17492,0.73824,-0.175816
2015-09-22,0.04028,0.13252,0.82728,-0.224912
2015-09-23,0.06472,0.14136,0.79392,-0.223844
2015-09-24,0.04192,0.21008,0.74796,-0.35202
2015-09-25,0.06396,0.11696,0.81908,-0.111616
2015-09-28,0.07888,0.14516,0.776,-0.111892
2015-09-29,0.07828,0.13096,0.79076,-0.217128
2015-09-30,0.04796,0.09532,0.85672,-0.10862
2015-10-01,0.03808,0.14184,0.82008,-0.182568
2015-10-02,0.0372,0.16236,0.80048,-0.322456
2015-10-05,0.08936,0.1466,0.76408,-0.164312
2015-10-06,0.0478,0.16084,0.79136,-0.26614
2015-10-07,0.0768,0.13376,0.78944,0.003792
2015-10-08,0.0664,0.16096,0.77264,-0.205428
2015-10-09,0.05308,0.12528,0.82168,-0.127028
2015-10-12,0.04824,0.20284,0.74892,-0.299156
2015-10-13,0.0466,0.13856,0.81488,-0.159456
2015-10-14,0.0842,0.16732,0.74852,-0.237328
2015-10-15,0.09236,0.16172,0.74592,-0.222536
2015-10-16,0.06108,0.11452,0.8244,-0.095636
2015-10-19,0.07368,0.21656,0.70968,-0.294712
2015-10-20,0.0488,0.17876,0.77248,-0.201472
2015-10-21,0.06168,0.12512,0.81328,-0.158816
2015-10-22,0.06532,0.19844,0.73616,-0.27304
2015-10-23,0.04544,0.15048,0.80412,-0.232648
2015-10-26,0.08072,0.1738,0.74548,-0.214312
2015-10-27,0.07132,0.1348,0.79384,-0.130192
2015-10-28,0.0538,0.12476,0.82144,-0.128556
2015-10-29,0.0564,0.14604,0.7976,-0.18318
2015-10-30,0.05536,0.15688,0.78776,-0.221908
2015-11-02,0.07788,0.16044,0.76168,-0.184556
2015-11-03,0.06016,0.1246,0.8154,-0.194448
2015-11-04,0.08564,0.11808,0.79624,-0.09826
2015-11-05,0.0904,0.12212,0.78748,-0.05782
2015-11-06,0.06544,0.13676,0.79784,-0.196832
2015-11-09,0.09632,0.13916,0.76452,-0.141912
2015-11-10,0.0658,0.21344,0.72088,-0.36402
2015-11-11,0.05292,0.11588,0.83124,-0.136604
2015-11-12,0.06356,0.13496,0.80148,-0.123764
2015-11-13,0.03576,0.16088,0.80332,-0.299372
2015-11-16,0.02796,0.19348,0.77856,-0.335584
2015-11-17,0.08644,0.2324,0.68116,-0.360524
2015-11-18,0.02908,0.26072,0.71016,-0.511584
2015-11-19,0.05792,0.21556,0.72652,-0.338852
2015-11-20,0.09016,0.2248,0.685,-0.27446
2015-11-23,0.06904,0.19304,0.73792,-0.22386
2015-11-24,0.0882,0.14256,0.76924,-0.089436
2015-11-25,0.04336,0.17684,0.77976,-0.237588
2015-11-27,0.07508,0.13256,0.79236,-0.119924
2015-11-30,0.06728,0.15084,0.7818,-0.116288
2015-12-01,0.06092,0.11824,0.82076,-0.137064
2015-12-02,0.08684,0.12108,0.79216,-0.083092
2015-12-03,0.0752,0.1808,0.74392,-0.189204
2015-12-04,0.06608,0.214,0.72,-0.234456
2015-12-07,0.0552,0.19208,0.75272,-0.257872
2015-12-08,0.04124,0.14552,0.8132,-0.288648
2015-12-09,0.062,0.19036,0.7476,-0.287568
2015-12-10,0.05992,0.19008,0.74996,-0.33302
2015-12-11,0.03704,0.18496,0.778,-0.276976
2015-12-14,0.01524,0.10848,0.87632,-0.198052
2015-12-15,0.058,0.19224,0.74972,-0.264244
2015-12-16,0.05704,0.129,0.81396,-0.157056
2015-12-17,0.06988,0.15228,0.77776,-0.165228
2015-12-18,0.06004,0.12912,0.81084,-0.19454
2015-12-21,0.06748,0.20344,0.72908,-0.21764
2015-12-22,0.08324,0.21708,0.69972,-0.251348
2015-12-23,0.0578,0.19924,0.743,-0.242248
2015-12-24,0.03456,0.20052,0.76496,-0.32766
2015-12-28,0.02688,0.16004,0.81304,-0.276192
2015-12-29,0.05512,0.141,0.80396,-0.17494
2015-12-30,0.07284,0.21332,0.71384,-0.229708
2015-12-31,0.09932,0.14584,0.75488,-0.093532
2016-01-04,0.01816,0.16276,0.81908,-0.275612
2016-01-05,0.0636,0.20272,0.73368,-0.3503
2016-01-06,0.03312,0.24608,0.72084,-0.38516
2016-01-07,0.06536,0.1478,0.78676,-0.211584
2016-01-08,0.0426,0.1646,0.7928,-0.264936
2016-01-11,0.0304,0.1344,0.83524,-0.190244
2016-01-12,0.0752,0.15704,0.76772,-0.154116
2016-01-13,0.108,0.16796,0.72408,-0.075332
2016-01-14,0.04984,0.1912,0.75904,-0.308876
2016-01-15,0.03396,0.215,0.751,-0.300324
2016-01-19,0.09928,0.21784,0.68296,-0.220492
2016-01-20,0.06008,0.1236,0.81632,-0.126316
2016-01-21,0.05676,0.10188,0.84132,-0.093576
2016-01-22,0.05192,0.22896,0.71904,-0.356056
2016-01-25,0.05168,0.13704,0.81136,-0.196716
2016-01-26,0.0734,0.21896,0.7076,-0.347856
2016-01-27,0.05352,0.18592,0.7606,-0.331808
2016-01-28,0.08436,0.12664,0.78892,-0.07388
2016-01-29,0.09532,0.18056,0.72408,-0.167572
2016-02-01,0.09412,0.13036,0.7756,-0.063444
2016-02-02,0.04868,0.12728,0.82404,-0.137492
2016-02-03,0.09044,0.18932,0.72028,-0.2344
2016-02-04,0.05808,0.12192,0.82012,-0.133156
2016-02-05,0.0526,0.1256,0.82168,-0.19258
2016-02-08,0.08936,0.1844,0.72628,-0.230084
2016-02-09,0.0462,0.15244,0.80136,-0.229448
2016-02-10,0.05716,0.21692,0.72592,-0.265892
2016-02-11,0.03184,0.1518,0.81636,-0.24472
2016-02-12,0.08276,0.10076,0.81644,-0.048504
2016-02-16,0.05532,0.10824,0.83648,-0.132216
2016-02-17,0.07688,0.14548,0.77768,-0.151708
2016-02-18,0.04012,0.18444,0.77544,-0.317612
2016-02-19,0.05308,0.14224,0.80468,-0.209464
2016-02-22,0.06924,0.15532,0.77548,-0.193504
2016-02-23,0.08912,0.10568,0.80516,-0.074756
2016-02-24,0.0518,0.13176,0.8164,-0.152192
2016-02-25,0.07532,0.14016,0.78456,-0.130536
2016-02-26,0.0262,0.17472,0.79916,-0.368572
2016-02-29,0.06776,0.16056,0.77168,-0.27202
2016-03-01,0.04456,0.21744,0.738,-0.37422
2016-03-02,0.04028,0.11484,0.84492,-0.219664
2016-03-03,0.06172,0.1722,0.76596,-0.28204
2016-03-04,0.0312,0.17464,0.79412,-0.27738
2016-03-07,0.04116,0.11816,0.84068,-0.102388
2016-03-08,0.043,0.17444,0.78252,-0.274468
2016-03-09,0.08344,0.15444,0.76216,-0.186512
2016-03-10,0.04668,0.2148,0.73864,-0.355684
2016-03-11,0.04556,0.23896,0.71552,-0.320328
2016-03-14,0.04048,0.16636,0.79316,-0.198628
2016-03-15,0.08012,0.2034,0.71648,-0.2083
2016-03-16,0.03232,0.0854,0.88228,-0.117972
2016-03-17,0.05116,0.11568,0.8332,-0.148444
2016-03-18,0.04664,0.19112,0.76228,-0.273936
2016-03-21,0.06856,0.13356,0.79788,-0.131796
2016-03-22,0.0622,0.26808,0.66972,-0.369952
2016-03-23,0.05552,0.18512,0.75932,-0.291856
2016-03-24,0.06156,0.23968,0.69892,-0.3234
2016-03-28,0.04204,0.19772,0.76024,-0.224948
2016-03-29,0.03956,0.1594,0.80096,-0.155096
2016-03-30,0.0526,0.18532,0.76204,-0.303036
2016-03-31,0.07108,0.1442,0.78464,-0.139656
2016-04-01,0.04444,0.11884,0.83664,-0.183684
2016-04-04,0.04112,0.15676,0.80212,-0.230528
2016-04-05,0.02648,0.13856,0.83492,-0.177264
2016-04-06,0.03252,0.14592,0.8216,-0.170888
2016-04-07,0.07148,0.17336,0.75516,-0.189436
2016-04-08,0.05616,0.1686,0.77532,-0.173388
2016-04-11,0.08792,0.17156,0.74052,-0.148476
2016-04-12,0.049,0.12224,0.82872,-0.126588
2016-04-13,0.06272,0.18308,0.75416,-0.268592
2016-04-14,0.04908,0.14596,0.805,-0.225808
2016-04-15,0.03804,0.09552,0.8664,-0.139536
2016-04-18,0.08396,0.17356,0.74248,-0.229936
2016-04-19,0.0706,0.16524,0.76412,-0.17304
2016-04-20,0.05752,0.13596,0.80644,-0.123352
2016-04-21,0.07264,0.13536,0.79196,-0.09306
2016-04-22,0.08396,0.18204,0.734,-0.12436
2016-04-25,0.05936,0.16464,0.77608,-0.258956
2016-04-26,0.06916,0.18752,0.74328,-0.224192
2016-04-27,0.06696,0.1726,0.76052,-0.214048
2016-04-28,0.06,0.15324,0.7868,-0.151532
2016-04-29,0.0366,0.10904,0.85432,-0.189424
2016-05-02,0.02296,0.1884,0.78864,-0.322048
2016-05-03,0.11624,0.13384,0.74988,-0.07032
2016-05-04,0.05596,0.24048,0.7036,-0.3434
2016-05-05,0.08364,0.14616,0.77028,-0.16578
2016-05-06,0.03516,0.13404,0.8308,-0.266932
2016-05-09,0.07764,0.0968,0.82552,-0.088848
2016-05-10,0.04836,0.2118,0.73984,-0.338944
2016-05-11,0.0648,0.09376,0.84144,-0.108844
2016-05-12,0.05776,0.14568,0.7966,-0.247436
2016-05-13,0.06948,0.10256,0.828,-0.045952
2016-05-16,0.06456,0.15144,0.78404,-0.185752
2016-05-17,0.05608,0.1506,0.79332,-0.172868
2016-05-18,0.05728,0.14088,0.80188,-0.167352
2016-05-19,0.07192,0.16924,0.75888,-0.217428
2016-05-20,0.06244,0.12736,0.8102,-0.175188
2016-05-23,0.05504,0.21744,0.72756,-0.319948
2016-05-24,0.07572,0.1042,0.82012,-0.141816
2016-05-25,0.02856,0.22692,0.74448,-0.343788
2016-05-26,0.03844,0.14748,0.81412,-0.237692
2016-05-27,0.06136,0.14516,0.79352,-0.249088
2016-05-31,0.07284,0.15692,0.77024,-0.164092
2016-06-01,0.06064,0.17928,0.76004,-0.358628
2016-06-02,0.07112,0.22424,0.7046,-0.274064
2016-06-03,0.04748,0.10036,0.85216,-0.122316
2016-06-06,0.07752,0.16564,0.75676,-0.216096
2016-06-07,0.05824,0.12168,0.82016,-0.125652
2016-06-08,0.1142,0.14196,0.744,-0.097836
2016-06-09,0.07988,0.10656,0.81352,-0.112252
2016-06-10,0.066,0.1306,0.80348,-0.168208
2016-06-13,0.11428,0.1834,0.70224,-0.155468
2016-06-14,0.07012,0.1218,0.80804,-0.173084
2016-06-15,0.04184,0.19164,0.76648,-0.304884
2016-06-16,0.03604,0.15096,0.81296,-0.29494
2016-06-17,0.06936,0.21112,0.7196,-0.295452
2016-06-20,0.06696,0.21044,0.7226,-0.307364
2016-06-21,0.058,0.18456,0.7574,-0.35718
2016-06-22,0.08416,0.10736,0.80848,-0.084284
2016-06-23,0.07708,0.15228,0.77068,-0.182704
2016-06-24,0.0506,0.08844,0.86088,-0.06004
2016-06-27,0.08428,0.17112,0.7446,-0.142552
2016-06-28,0.10008,0.14528,0.7546,-0.052576
2016-06-29,0.1178,0.19696,0.68536,-0.151972
2016-06-30,0.07104,0.19316,0.73576,-0.29204
2016-07-01,0.07908,0.20772,0.7132,-0.36228
